{"v":"4.5.9","fr":30,"ip":0,"op":51,"w":1400,"h":200,"ddd":0,"assets":[],"layers":[{"ddd":0,"ind":0,"ty":4,"nm":"Copy","ks":{"o":{"a":0,"k":100},"r":{"a":0,"k":0},"p":{"a":0,"k":[591.935,96.632,0]},"a":{"a":0,"k":[591.81,96.632,0]},"s":{"a":0,"k":[100,100,100]}},"ao":0,"shapes":[{"ty":"gr","it":[{"ty":"gr","it":[{"ind":0,"ty":"sh","ks":{"a":0,"k":{"i":[[0,0],[0,0],[0.276,0.224],[0.359,-0.013],[0.289,-0.214],[0.091,-0.352]],"o":[[0,0],[-0.044,-0.353],[-0.288,-0.213],[-0.36,-0.007],[-0.291,0.218],[0,0]],"v":[[-1.521,-0.756],[1.569,-0.756],[1.069,-1.656],[0.069,-1.966],[-0.931,-1.646],[-1.521,-0.766]],"c":true}},"nm":"Path 1","mn":"ADBE Vector Shape - Group"},{"ind":1,"ty":"sh","ks":{"a":0,"k":{"i":[[-0.036,1.077],[-0.747,0.752],[-1.078,-0.041],[-0.616,-0.323],[-0.326,-0.57],[0.014,-0.701],[0.021,-0.283],[0,0],[0,0],[-0.283,-0.221],[-0.396,0.018],[-0.264,0.371],[0,0],[0.646,-0.429],[0.855,0.023],[0.808,0.762]],"o":[[-0.039,-1.06],[0.782,-0.744],[0.696,-0.014],[0.582,0.305],[0.348,0.608],[0.021,0.283],[0,0],[0,0],[0.101,0.344],[0.322,0.232],[0.453,0.043],[0,0],[-0.168,0.758],[-0.714,0.473],[-1.109,0.053],[-0.774,-0.75]],"v":[[-3.951,-0.026],[-2.841,-2.866],[0.069,-3.966],[2.069,-3.496],[3.459,-2.156],[3.969,-0.156],[3.969,0.694],[3.969,0.744],[-1.431,0.744],[-0.841,1.614],[0.269,1.944],[1.429,1.414],[3.889,1.414],[2.62,3.264],[0.209,3.954],[-2.791,2.844]],"c":true}},"nm":"Path 2","mn":"ADBE Vector Shape - Group"},{"ty":"mm","mm":1,"nm":"Merge Paths 1","mn":"ADBE Vector Filter - Merge"},{"ty":"fl","c":{"a":1,"k":[{"i":{"x":[0.6],"y":[1]},"o":{"x":[0.167],"y":[0.289]},"n":["0p6_1_0p167_0p289"],"t":13,"s":[0,0,0,1],"e":[1,1,1,1]},{"i":{"x":[0.8],"y":[0.8]},"o":{"x":[0.167],"y":[0.167]},"n":["0p8_0p8_0p167_0p167"],"t":23,"s":[1,1,1,1],"e":[1,1,1,1]},{"i":{"x":[0.8],"y":[1]},"o":{"x":[0.2],"y":[0]},"n":["0p8_1_0p2_0"],"t":40,"s":[1,1,1,1],"e":[0,0,0,1]},{"t":50}]},"o":{"a":0,"k":100},"r":1,"nm":"Fill 1","mn":"ADBE Vector Graphic - Fill"},{"ty":"tr","p":{"a":0,"k":[126.111,16.406],"ix":2},"a":{"a":0,"k":[0,0],"ix":1},"s":{"a":0,"k":[100,100],"ix":3},"r":{"a":0,"k":0,"ix":6},"o":{"a":0,"k":100,"ix":7},"sk":{"a":0,"k":0,"ix":4},"sa":{"a":0,"k":0,"ix":5},"nm":"Transform"}],"nm":"Group 1","np":4,"mn":"ADBE Vector Group"},{"ty":"tr","p":{"a":0,"k":[819.821,132.062],"ix":2},"a":{"a":0,"k":[126.126,20.433],"ix":1},"s":{"a":0,"k":[650,650],"ix":3},"r":{"a":0,"k":0,"ix":6},"o":{"a":0,"k":100,"ix":7},"sk":{"a":0,"k":0,"ix":4},"sa":{"a":0,"k":0,"ix":5},"nm":"Transform"}],"nm":"Group 1","np":1,"mn":"ADBE Vector Group"},{"ty":"gr","it":[{"ty":"gr","it":[{"ind":0,"ty":"sh","ks":{"a":0,"k":{"i":[[0,0],[0,0],[0,0],[0,0],[-0.953,-0.02],[0,0],[0.705,-0.657],[0,0]],"o":[[0,0],[0,0],[0,0],[0.72,-0.625],[0,0],[-0.964,-0.015],[0,0],[0,0]],"v":[[-2.56,3.835],[-2.56,-3.725],[-0.04,-3.725],[-0.04,-2.915],[2.56,-3.855],[2.56,-1.445],[-0.04,-0.445],[-0.04,3.875]],"c":true}},"nm":"Path 1","mn":"ADBE Vector Shape - Group"},{"ty":"fl","c":{"a":1,"k":[{"i":{"x":[0.6],"y":[1]},"o":{"x":[0.167],"y":[0.289]},"n":["0p6_1_0p167_0p289"],"t":12,"s":[0,0,0,1],"e":[1,1,1,1]},{"i":{"x":[0.8],"y":[0.8]},"o":{"x":[0.167],"y":[0.167]},"n":["0p8_0p8_0p167_0p167"],"t":22,"s":[1,1,1,1],"e":[1,1,1,1]},{"i":{"x":[0.8],"y":[1]},"o":{"x":[0.2],"y":[0]},"n":["0p8_1_0p2_0"],"t":40,"s":[1,1,1,1],"e":[0,0,0,1]},{"t":50}]},"o":{"a":0,"k":100},"r":1,"nm":"Fill 1","mn":"ADBE Vector Graphic - Fill"},{"ty":"tr","p":{"a":0,"k":[119.56,16.335],"ix":2},"a":{"a":0,"k":[0,0],"ix":1},"s":{"a":0,"k":[100,100],"ix":3},"r":{"a":0,"k":0,"ix":6},"o":{"a":0,"k":100,"ix":7},"sk":{"a":0,"k":0,"ix":4},"sa":{"a":0,"k":0,"ix":5},"nm":"Transform"}],"nm":"Group 2","np":2,"mn":"ADBE Vector Group"},{"ty":"tr","p":{"a":0,"k":[777.14,130.036],"ix":2},"a":{"a":0,"k":[119.56,20.121],"ix":1},"s":{"a":0,"k":[650,650],"ix":3},"r":{"a":0,"k":0,"ix":6},"o":{"a":0,"k":100,"ix":7},"sk":{"a":0,"k":0,"ix":4},"sa":{"a":0,"k":0,"ix":5},"nm":"Transform"}],"nm":"Group 2","np":1,"mn":"ADBE Vector Group"},{"ty":"gr","it":[{"ty":"gr","it":[{"ind":0,"ty":"sh","ks":{"a":0,"k":{"i":[[0,0],[-0.324,-0.362],[-0.468,0.013],[-0.309,0.349],[0.014,0.485],[0.319,0.348],[0.463,-0.012],[0.316,-0.343],[-0.016,-0.476]],"o":[[-0.016,0.485],[0.311,0.351],[0.466,0.012],[0.321,-0.363],[0.013,-0.473],[-0.312,-0.343],[-0.466,-0.013],[-0.324,0.35],[0,0]],"v":[[-1.701,-0.046],[-1.221,1.274],[0.01,1.805],[1.231,1.274],[1.71,-0.046],[1.231,-1.326],[0.01,-1.846],[-1.221,-1.326],[-1.701,-0.036]],"c":true}},"nm":"Path 1","mn":"ADBE Vector Shape - Group"},{"ind":1,"ty":"sh","ks":{"a":0,"k":{"i":[[-0.031,1.079],[-0.77,0.736],[-1.68,-1.483],[0.033,-1.065],[0.771,-0.756],[1.664,1.525]],"o":[[-0.033,-1.065],[1.679,-1.483],[0.77,0.736],[0.032,1.08],[-1.664,1.525],[-0.77,-0.757]],"v":[[-4.1,-0.046],[-2.941,-2.876],[2.941,-2.876],[4.1,-0.046],[2.941,2.834],[-2.941,2.834]],"c":true}},"nm":"Path 2","mn":"ADBE Vector Shape - Group"},{"ty":"mm","mm":1,"nm":"Merge Paths 1","mn":"ADBE Vector Filter - Merge"},{"ty":"fl","c":{"a":1,"k":[{"i":{"x":[0.6],"y":[1]},"o":{"x":[0.167],"y":[0.289]},"n":["0p6_1_0p167_0p289"],"t":11,"s":[0,0,0,1],"e":[1,1,1,1]},{"i":{"x":[0.8],"y":[0.8]},"o":{"x":[0.167],"y":[0.167]},"n":["0p8_0p8_0p167_0p167"],"t":21,"s":[1,1,1,1],"e":[1,1,1,1]},{"i":{"x":[0.8],"y":[1]},"o":{"x":[0.2],"y":[0]},"n":["0p8_1_0p2_0"],"t":40,"s":[1,1,1,1],"e":[0,0,0,1]},{"t":50}]},"o":{"a":0,"k":100},"r":1,"nm":"Fill 1","mn":"ADBE Vector Graphic - Fill"},{"ty":"tr","p":{"a":0,"k":[112.25,16.426],"ix":2},"a":{"a":0,"k":[0,0],"ix":1},"s":{"a":0,"k":[100,100],"ix":3},"r":{"a":0,"k":0,"ix":6},"o":{"a":0,"k":100,"ix":7},"sk":{"a":0,"k":0,"ix":4},"sa":{"a":0,"k":0,"ix":5},"nm":"Transform"}],"nm":"Group 3","np":4,"mn":"ADBE Vector Group"},{"ty":"tr","p":{"a":0,"k":[729.627,131.607],"ix":2},"a":{"a":0,"k":[112.25,20.363],"ix":1},"s":{"a":0,"k":[650,650],"ix":3},"r":{"a":0,"k":0,"ix":6},"o":{"a":0,"k":100,"ix":7},"sk":{"a":0,"k":0,"ix":4},"sa":{"a":0,"k":0,"ix":5},"nm":"Transform"}],"nm":"Group 3","np":1,"mn":"ADBE Vector Group"},{"ty":"gr","it":[{"ty":"gr","it":[{"ind":0,"ty":"sh","ks":{"a":0,"k":{"i":[[0,0],[0,0],[0,0],[0,0],[0,0],[0,0],[0,0],[0,0],[0,0],[0,0],[0,0],[0,0],[0,0]],"o":[[0,0],[0,0],[0,0],[0,0],[0,0],[0,0],[0,0],[0,0],[0,0],[0,0],[0,0],[0,0],[0,0]],"v":[[-5.74,5.305],[-5.74,-5.305],[-3.79,-5.305],[-0.02,0.355],[3.74,-5.305],[5.74,-5.305],[5.74,5.295],[3.11,5.295],[3.11,-0.015],[0.76,3.616],[-0.71,3.616],[-3.13,-0.045],[-3.13,5.295]],"c":true}},"nm":"Path 1","mn":"ADBE Vector Shape - Group"},{"ty":"fl","c":{"a":1,"k":[{"i":{"x":[0.6],"y":[1]},"o":{"x":[0.167],"y":[0.289]},"n":["0p6_1_0p167_0p289"],"t":10,"s":[0,0,0,1],"e":[1,1,1,1]},{"i":{"x":[0.8],"y":[0.8]},"o":{"x":[0.167],"y":[0.167]},"n":["0p8_0p8_0p167_0p167"],"t":20,"s":[1,1,1,1],"e":[1,1,1,1]},{"i":{"x":[0.8],"y":[1]},"o":{"x":[0.2],"y":[0]},"n":["0p8_1_0p2_0"],"t":40,"s":[1,1,1,1],"e":[0,0,0,1]},{"t":50}]},"o":{"a":0,"k":100},"r":1,"nm":"Fill 1","mn":"ADBE Vector Graphic - Fill"},{"ty":"tr","p":{"a":0,"k":[101.63,14.865],"ix":2},"a":{"a":0,"k":[0,0],"ix":1},"s":{"a":0,"k":[100,100],"ix":3},"r":{"a":0,"k":0,"ix":6},"o":{"a":0,"k":100,"ix":7},"sk":{"a":0,"k":0,"ix":4},"sa":{"a":0,"k":0,"ix":5},"nm":"Transform"}],"nm":"Group 4","np":2,"mn":"ADBE Vector Group"},{"ty":"tr","p":{"a":0,"k":[660.596,130.011],"ix":2},"a":{"a":0,"k":[101.63,20.117],"ix":1},"s":{"a":0,"k":[650,650],"ix":3},"r":{"a":0,"k":0,"ix":6},"o":{"a":0,"k":100,"ix":7},"sk":{"a":0,"k":0,"ix":4},"sa":{"a":0,"k":0,"ix":5},"nm":"Transform"}],"nm":"Group 4","np":1,"mn":"ADBE Vector Group"},{"ty":"gr","it":[{"ty":"gr","it":[{"ind":0,"ty":"sh","ks":{"a":0,"k":{"i":[[0,0],[0,0],[0,0],[0,0],[-0.762,0.001],[-0.599,-0.636],[0.05,-0.929],[0,0],[0,0],[0,0],[0.268,0.337],[0.376,-0.019],[0.332,-0.452],[0,0]],"o":[[0,0],[0,0],[0,0],[0.589,-0.484],[0.873,-0.04],[0.614,0.699],[0,0],[0,0],[0,0],[0.03,-0.429],[-0.259,-0.273],[-0.56,0.029],[0,0],[0,0]],"v":[[-3.93,3.92],[-3.93,-3.64],[-1.41,-3.64],[-1.41,-3.13],[0.68,-3.88],[3,-2.94],[3.88,-0.4],[3.88,3.92],[1.36,3.92],[1.36,0],[0.99,-1.19],[-0.01,-1.59],[-1.42,-0.83],[-1.42,3.91]],"c":true}},"nm":"Path 1","mn":"ADBE Vector Shape - Group"},{"ty":"fl","c":{"a":1,"k":[{"i":{"x":[0.6],"y":[1]},"o":{"x":[0.167],"y":[0.289]},"n":["0p6_1_0p167_0p289"],"t":9,"s":[0,0,0,1],"e":[1,1,1,1]},{"i":{"x":[0.8],"y":[0.8]},"o":{"x":[0.167],"y":[0.167]},"n":["0p8_0p8_0p167_0p167"],"t":19,"s":[1,1,1,1],"e":[1,1,1,1]},{"i":{"x":[0.8],"y":[1]},"o":{"x":[0.2],"y":[0]},"n":["0p8_1_0p2_0"],"t":40,"s":[1,1,1,1],"e":[0,0,0,1]},{"t":50}]},"o":{"a":0,"k":100},"r":1,"nm":"Fill 1","mn":"ADBE Vector Graphic - Fill"},{"ty":"tr","p":{"a":0,"k":[87.54,16.25],"ix":2},"a":{"a":0,"k":[0,0],"ix":1},"s":{"a":0,"k":[100,100],"ix":3},"r":{"a":0,"k":0,"ix":6},"o":{"a":0,"k":100,"ix":7},"sk":{"a":0,"k":0,"ix":4},"sa":{"a":0,"k":0,"ix":5},"nm":"Transform"}],"nm":"Group 5","np":2,"mn":"ADBE Vector Group"},{"ty":"tr","p":{"a":0,"k":[568.864,129.772],"ix":2},"a":{"a":0,"k":[87.517,20.08],"ix":1},"s":{"a":0,"k":[650,650],"ix":3},"r":{"a":0,"k":0,"ix":6},"o":{"a":0,"k":100,"ix":7},"sk":{"a":0,"k":0,"ix":4},"sa":{"a":0,"k":0,"ix":5},"nm":"Transform"}],"nm":"Group 5","np":1,"mn":"ADBE Vector Group"},{"ty":"gr","it":[{"ty":"gr","it":[{"ind":0,"ty":"sh","ks":{"a":0,"k":{"i":[[0,0],[0,0],[0,0],[0,0],[-0.953,-0.02],[0,0],[0.705,-0.657],[0,0]],"o":[[0,0],[0,0],[0,0],[0.72,-0.625],[0,0],[-0.963,-0.015],[0,0],[0,0]],"v":[[-2.56,3.835],[-2.56,-3.725],[-0.04,-3.725],[-0.04,-2.915],[2.56,-3.855],[2.56,-1.445],[-0.04,-0.445],[-0.04,3.875]],"c":true}},"nm":"Path 1","mn":"ADBE Vector Shape - Group"},{"ty":"fl","c":{"a":1,"k":[{"i":{"x":[0.6],"y":[1]},"o":{"x":[0.167],"y":[0.289]},"n":["0p6_1_0p167_0p289"],"t":8,"s":[0,0,0,1],"e":[1,1,1,1]},{"i":{"x":[0.8],"y":[0.8]},"o":{"x":[0.167],"y":[0.167]},"n":["0p8_0p8_0p167_0p167"],"t":18,"s":[1,1,1,1],"e":[1,1,1,1]},{"i":{"x":[0.8],"y":[1]},"o":{"x":[0.2],"y":[0]},"n":["0p8_1_0p2_0"],"t":40,"s":[1,1,1,1],"e":[0,0,0,1]},{"t":50}]},"o":{"a":0,"k":100},"r":1,"nm":"Fill 2","mn":"ADBE Vector Graphic - Fill"},{"ty":"tr","p":{"a":0,"k":[80.4,16.335],"ix":2},"a":{"a":0,"k":[0,0],"ix":1},"s":{"a":0,"k":[100,100],"ix":3},"r":{"a":0,"k":0,"ix":6},"o":{"a":0,"k":100,"ix":7},"sk":{"a":0,"k":0,"ix":4},"sa":{"a":0,"k":0,"ix":5},"nm":"Transform"}],"nm":"Group 6","np":2,"mn":"ADBE Vector Group"},{"ty":"tr","p":{"a":0,"k":[522.599,129.52],"ix":2},"a":{"a":0,"k":[80.4,20.042],"ix":1},"s":{"a":0,"k":[650,650],"ix":3},"r":{"a":0,"k":0,"ix":6},"o":{"a":0,"k":100,"ix":7},"sk":{"a":0,"k":0,"ix":4},"sa":{"a":0,"k":0,"ix":5},"nm":"Transform"}],"nm":"Group 6","np":1,"mn":"ADBE Vector Group"},{"ty":"gr","it":[{"ty":"gr","it":[{"ind":0,"ty":"sh","ks":{"a":0,"k":{"i":[[0,0],[-0.681,-0.76],[-0.481,0.012],[-0.393,0.461],[0,0],[0.609,-0.013],[0.333,-0.346]],"o":[[-0.681,0.76],[0.326,0.354],[0.605,0.018],[0,0],[-0.39,-0.468],[-0.48,-0.022],[0,0]],"v":[[-1.17,-1.357],[-1.17,1.314],[0.1,1.854],[1.68,1.154],[1.68,-1.187],[0.1,-1.906],[-1.18,-1.396]],"c":true}},"nm":"Path 1","mn":"ADBE Vector Shape - Group"},{"ind":1,"ty":"sh","ks":{"a":0,"k":{"i":[[-0.01,0.544],[-0.34,0.611],[-0.575,0.343],[-0.658,-0.004],[-0.622,-0.39],[0,0],[0,0],[0,0],[0,0],[0,0],[0.734,0.015],[0.457,0.201],[0.343,0.348],[0.186,0.466]],"o":[[-0.005,-0.699],[0.322,-0.587],[0.565,-0.337],[0.735,-0.012],[0,0],[0,0],[0,0],[0,0],[0,0],[-0.623,0.388],[-0.499,0.003],[-0.449,-0.193],[-0.349,-0.36],[-0.202,-0.505]],"v":[[-4.17,-0.017],[-3.66,-2.016],[-2.29,-3.437],[-0.42,-3.947],[1.66,-3.367],[1.66,-3.766],[4.18,-3.766],[4.18,3.794],[1.66,3.794],[1.66,3.372],[-0.42,3.943],[-1.87,3.643],[-3.07,2.824],[-3.88,1.574]],"c":true}},"nm":"Path 2","mn":"ADBE Vector Shape - Group"},{"ty":"mm","mm":1,"nm":"Merge Paths 1","mn":"ADBE Vector Filter - Merge"},{"ty":"fl","c":{"a":1,"k":[{"i":{"x":[0.6],"y":[1]},"o":{"x":[0.167],"y":[0.289]},"n":["0p6_1_0p167_0p289"],"t":7,"s":[0,0,0,1],"e":[1,1,1,1]},{"i":{"x":[0.8],"y":[0.8]},"o":{"x":[0.167],"y":[0.167]},"n":["0p8_0p8_0p167_0p167"],"t":17,"s":[1,1,1,1],"e":[1,1,1,1]},{"i":{"x":[0.8],"y":[1]},"o":{"x":[0.2],"y":[0]},"n":["0p8_1_0p2_0"],"t":40,"s":[1,1,1,1],"e":[0,0,0,1]},{"t":50}]},"o":{"a":0,"k":100},"r":1,"nm":"Fill 1","mn":"ADBE Vector Graphic - Fill"},{"ty":"tr","p":{"a":0,"k":[72.57,16.397],"ix":2},"a":{"a":0,"k":[0,0],"ix":1},"s":{"a":0,"k":[100,100],"ix":3},"r":{"a":0,"k":0,"ix":6},"o":{"a":0,"k":100,"ix":7},"sk":{"a":0,"k":0,"ix":4},"sa":{"a":0,"k":0,"ix":5},"nm":"Transform"}],"nm":"Group 7","np":4,"mn":"ADBE Vector Group"},{"ty":"tr","p":{"a":0,"k":[471.735,131.207],"ix":2},"a":{"a":0,"k":[72.575,20.301],"ix":1},"s":{"a":0,"k":[650,650],"ix":3},"r":{"a":0,"k":0,"ix":6},"o":{"a":0,"k":100,"ix":7},"sk":{"a":0,"k":0,"ix":4},"sa":{"a":0,"k":0,"ix":5},"nm":"Transform"}],"nm":"Group 7","np":1,"mn":"ADBE Vector Group"},{"ty":"gr","it":[{"ty":"gr","it":[{"ind":0,"ty":"sh","ks":{"a":0,"k":{"i":[[0,0],[0,0],[0.274,0.225],[0.359,-0.013],[0.289,-0.214],[0.094,-0.353]],"o":[[0,0],[-0.041,-0.352],[-0.288,-0.213],[-0.359,-0.007],[-0.294,0.216],[0,0]],"v":[[-1.521,-0.756],[1.569,-0.756],[1.079,-1.656],[0.079,-1.966],[-0.921,-1.646],[-1.521,-0.766]],"c":true}},"nm":"Path 1","mn":"ADBE Vector Shape - Group"},{"ind":1,"ty":"sh","ks":{"a":0,"k":{"i":[[-0.027,1.084],[-0.747,0.752],[-1.078,-0.041],[-0.616,-0.323],[-0.326,-0.57],[0.014,-0.701],[0.021,-0.283],[0,0],[0,0],[-0.283,-0.221],[-0.396,0.018],[-0.264,0.371],[0,0],[0.647,-0.429],[0.855,0.023],[0.808,0.762]],"o":[[-0.039,-1.06],[0.782,-0.744],[0.696,-0.014],[0.582,0.305],[0.348,0.608],[0.021,0.283],[0,0],[0,0],[0.1,0.345],[0.322,0.232],[0.454,0.043],[0,0],[-0.168,0.758],[-0.713,0.473],[-1.109,0.053],[-0.79,-0.742]],"v":[[-3.951,-0.026],[-2.841,-2.866],[0.069,-3.966],[2.069,-3.496],[3.459,-2.156],[3.969,-0.156],[3.969,0.694],[3.969,0.744],[-1.431,0.744],[-0.841,1.614],[0.269,1.944],[1.429,1.414],[3.929,1.414],[2.659,3.264],[0.249,3.954],[-2.751,2.844]],"c":true}},"nm":"Path 2","mn":"ADBE Vector Shape - Group"},{"ty":"mm","mm":1,"nm":"Merge Paths 1","mn":"ADBE Vector Filter - Merge"},{"ty":"fl","c":{"a":1,"k":[{"i":{"x":[0.6],"y":[1]},"o":{"x":[0.167],"y":[0.289]},"n":["0p6_1_0p167_0p289"],"t":6,"s":[0,0,0,1],"e":[1,1,1,1]},{"i":{"x":[0.8],"y":[0.8]},"o":{"x":[0.167],"y":[0.167]},"n":["0p8_0p8_0p167_0p167"],"t":16,"s":[1,1,1,1],"e":[1,1,1,1]},{"i":{"x":[0.8],"y":[1]},"o":{"x":[0.2],"y":[0]},"n":["0p8_1_0p2_0"],"t":40,"s":[1,1,1,1],"e":[0,0,0,1]},{"t":50}]},"o":{"a":0,"k":100},"r":1,"nm":"Fill 1","mn":"ADBE Vector Graphic - Fill"},{"ty":"tr","p":{"a":0,"k":[64.051,16.406],"ix":2},"a":{"a":0,"k":[0,0],"ix":1},"s":{"a":0,"k":[100,100],"ix":3},"r":{"a":0,"k":0,"ix":6},"o":{"a":0,"k":100,"ix":7},"sk":{"a":0,"k":0,"ix":4},"sa":{"a":0,"k":0,"ix":5},"nm":"Transform"}],"nm":"Group 8","np":4,"mn":"ADBE Vector Group"},{"ty":"tr","p":{"a":0,"k":[416.431,131.287],"ix":2},"a":{"a":0,"k":[64.066,20.313],"ix":1},"s":{"a":0,"k":[650,650],"ix":3},"r":{"a":0,"k":0,"ix":6},"o":{"a":0,"k":100,"ix":7},"sk":{"a":0,"k":0,"ix":4},"sa":{"a":0,"k":0,"ix":5},"nm":"Transform"}],"nm":"Group 8","np":1,"mn":"ADBE Vector Group"},{"ty":"gr","it":[{"ty":"gr","it":[{"ind":0,"ty":"sh","ks":{"a":0,"k":{"i":[[0,0],[0,0],[0,0],[0,0],[0,0],[0,0]],"o":[[0,0],[0,0],[0,0],[0,0],[0,0],[0,0]],"v":[[-3.935,5.305],[-3.935,-5.305],[-1.305,-5.305],[-1.305,2.965],[3.935,2.965],[3.935,5.295]],"c":true}},"nm":"Path 1","mn":"ADBE Vector Shape - Group"},{"ty":"fl","c":{"a":1,"k":[{"i":{"x":[0.6],"y":[1]},"o":{"x":[0.167],"y":[0.289]},"n":["0p6_1_0p167_0p289"],"t":5,"s":[0,0,0,1],"e":[1,1,1,1]},{"i":{"x":[0.8],"y":[0.8]},"o":{"x":[0.167],"y":[0.167]},"n":["0p8_0p8_0p167_0p167"],"t":15,"s":[1,1,1,1],"e":[1,1,1,1]},{"i":{"x":[0.8],"y":[1]},"o":{"x":[0.2],"y":[0]},"n":["0p8_1_0p2_0"],"t":40,"s":[1,1,1,1],"e":[0,0,0,1]},{"t":50}]},"o":{"a":0,"k":100},"r":1,"nm":"Fill 1","mn":"ADBE Vector Graphic - Fill"},{"ty":"tr","p":{"a":0,"k":[55.935,20.089],"ix":2},"a":{"a":0,"k":[0,5.224],"ix":1},"s":{"a":0,"k":[100,100],"ix":3},"r":{"a":0,"k":0,"ix":6},"o":{"a":0,"k":100,"ix":7},"sk":{"a":0,"k":0,"ix":4},"sa":{"a":0,"k":0,"ix":5},"nm":"Transform"}],"nm":"Group 9","np":2,"mn":"ADBE Vector Group"},{"ty":"tr","p":{"a":0,"k":[363.95,129.819],"ix":2},"a":{"a":0,"k":[55.992,20.088],"ix":1},"s":{"a":0,"k":[650,650],"ix":3},"r":{"a":0,"k":0,"ix":6},"o":{"a":0,"k":100,"ix":7},"sk":{"a":0,"k":0,"ix":4},"sa":{"a":0,"k":0,"ix":5},"nm":"Transform"}],"nm":"Group 9","np":1,"mn":"ADBE Vector Group"}],"ip":0,"op":51,"st":0,"bm":0,"sr":1},{"ddd":0,"ind":1,"ty":4,"nm":"Group 11","ks":{"o":{"a":1,"k":[{"i":{"x":[0.8],"y":[1]},"o":{"x":[0.2],"y":[0]},"n":["0p8_1_0p2_0"],"t":40,"s":[100],"e":[0]},{"t":50}]},"r":{"a":0,"k":0},"p":{"a":0,"k":[621.167,100.197,0]},"a":{"a":0,"k":[95.545,15.415,0]},"s":{"a":0,"k":[650,650,100]}},"ao":0,"hasMask":true,"masksProperties":[{"inv":false,"mode":"a","pt":{"a":1,"k":[{"i":{"x":0.9,"y":1},"o":{"x":0.5,"y":0},"n":"0p9_1_0p5_0","t":0,"s":[{"i":[[0,0],[0,0],[0,0],[0,0],[0,0],[0,0],[0,0]],"o":[[0,0],[0,0],[0,0],[0,0],[0,0],[0,0],[0,0]],"v":[[-19.123,-8.362],[-8.769,-8.308],[-8.769,46.254],[-19.123,46.2],[-21.604,33.343],[-2.169,15.408],[-20.87,-1.854]],"c":true}],"e":[{"i":[[0,0],[0,0],[0,0],[0,0],[0,0],[0,0],[0,0]],"o":[[0,0],[0,0],[0,0],[0,0],[0,0],[0,0],[0,0]],"v":[[174.415,-8.308],[-8.769,-8.308],[-8.769,46.254],[174.415,46.254],[171.934,33.396],[191.369,15.461],[172.668,-1.801]],"c":true}]},{"t":14}]},"o":{"a":0,"k":100},"x":{"a":0,"k":0},"nm":"Mask 1"}],"shapes":[{"ty":"gr","it":[{"ind":0,"ty":"sh","ks":{"a":0,"k":{"i":[[0,0],[0,0],[0,0],[0,0],[0,0]],"o":[[0,0],[0,0],[0,0],[0,0],[0,0]],"v":[[-95.545,-15.415],[-95.545,15.415],[78.816,15.415],[95.545,0.006],[78.816,-15.415]],"c":true}},"nm":"Path 1","mn":"ADBE Vector Shape - Group"},{"ty":"fl","c":{"a":0,"k":[0.992,0.086,0.106,1]},"o":{"a":0,"k":100},"r":1,"nm":"Fill 1","mn":"ADBE Vector Graphic - Fill"},{"ty":"tr","p":{"a":0,"k":[95.545,15.415],"ix":2},"a":{"a":0,"k":[0,0],"ix":1},"s":{"a":0,"k":[100,100],"ix":3},"r":{"a":0,"k":0,"ix":6},"o":{"a":0,"k":100,"ix":7},"sk":{"a":0,"k":0,"ix":4},"sa":{"a":0,"k":0,"ix":5},"nm":"Transform"}],"nm":"Group 10","np":2,"mn":"ADBE Vector Group"}],"ip":0,"op":51,"st":0,"bm":0,"sr":1},{"ddd":0,"ind":2,"ty":4,"nm":"Group 10","ks":{"o":{"a":1,"k":[{"t":13,"s":[100],"h":1},{"t":14,"s":[0],"h":1},{"t":39,"s":[0],"h":1},{"t":40,"s":[100],"h":1}]},"r":{"a":0,"k":0},"p":{"a":0,"k":[621.167,100.197,0]},"a":{"a":0,"k":[95.545,15.415,0]},"s":{"a":0,"k":[650,650,100]}},"ao":0,"shapes":[{"ty":"gr","it":[{"ind":0,"ty":"sh","ks":{"a":0,"k":{"i":[[0,0],[0,0],[0,0],[0,0],[0,0]],"o":[[0,0],[0,0],[0,0],[0,0],[0,0]],"v":[[-95.545,-15.415],[-95.545,15.415],[78.816,15.415],[95.545,0.006],[78.816,-15.415]],"c":true}},"nm":"Path 1","mn":"ADBE Vector Shape - Group"},{"ty":"fl","c":{"a":0,"k":[0.757,0.753,0.753,1]},"o":{"a":0,"k":100},"r":1,"nm":"Fill 1","mn":"ADBE Vector Graphic - Fill"},{"ty":"tr","p":{"a":0,"k":[95.545,15.415],"ix":2},"a":{"a":0,"k":[0,0],"ix":1},"s":{"a":0,"k":[100,100],"ix":3},"r":{"a":0,"k":0,"ix":6},"o":{"a":0,"k":100,"ix":7},"sk":{"a":0,"k":0,"ix":4},"sa":{"a":0,"k":0,"ix":5},"nm":"Transform"}],"nm":"Group 10","np":2,"mn":"ADBE Vector Group"}],"ip":0,"op":51,"st":0,"bm":0,"sr":1},{"ddd":0,"ind":3,"ty":4,"nm":"Shape Layer 2","ks":{"o":{"a":1,"k":[{"t":34,"s":[100],"h":1},{"t":35,"s":[0],"h":1}]},"r":{"a":0,"k":0},"p":{"a":1,"k":[{"i":{"x":0.21,"y":1},"o":{"x":0.167,"y":0.167},"n":"0p21_1_0p167_0p167","t":16,"s":[695,100,0],"e":[856.5,100,0],"to":[26.9166660308838,0,0],"ti":[-26.9166660308838,0,0]},{"t":35}]},"a":{"a":0,"k":[0,0,0]},"s":{"a":0,"k":[100,100,100]}},"ao":0,"shapes":[{"ty":"gr","it":[{"ind":0,"ty":"sh","ks":{"a":1,"k":[{"i":{"x":0.21,"y":1},"o":{"x":0.5,"y":0},"n":"0p21_1_0p5_0","t":16,"s":[{"i":[[0,0],[0,0],[0,0],[0,0],[0,0],[0,0]],"o":[[0,0],[0,0],[0,0],[0,0],[0,0],[0,0]],"v":[[2.732,-99.751],[111.732,0.222],[2.607,100.222],[-59.857,100.222],[49.268,0.472],[-59.732,-99.751]],"c":true}],"e":[{"i":[[0,0],[0,0],[0,0],[0,0],[0,0],[0,0]],"o":[[0,0],[0,0],[0,0],[0,0],[0,0],[0,0]],"v":[[2.732,-99.751],[111.732,0.222],[2.607,100.222],[2.643,100.193],[111.768,0.443],[2.768,-99.779]],"c":true}]},{"t":35}]},"nm":"Path 1","mn":"ADBE Vector Shape - Group"},{"ty":"fl","c":{"a":0,"k":[0.992,0.086,0.106,1]},"o":{"a":0,"k":100},"r":1,"nm":"Fill 1","mn":"ADBE Vector Graphic - Fill"},{"ty":"tr","p":{"a":0,"k":[430.232,-0.361],"ix":2},"a":{"a":0,"k":[0,0],"ix":1},"s":{"a":0,"k":[100,100.169],"ix":3},"r":{"a":0,"k":0,"ix":6},"o":{"a":0,"k":100,"ix":7},"sk":{"a":0,"k":0,"ix":4},"sa":{"a":0,"k":0,"ix":5},"nm":"Transform"}],"nm":"Rectangle 1","np":3,"mn":"ADBE Vector Group"}],"ip":0,"op":51,"st":0,"bm":0,"sr":1},{"ddd":0,"ind":4,"ty":4,"nm":"Shape Layer 1","ks":{"o":{"a":1,"k":[{"t":28,"s":[100],"h":1},{"t":29,"s":[0],"h":1}]},"r":{"a":0,"k":0},"p":{"a":1,"k":[{"i":{"x":0.21,"y":1},"o":{"x":0.167,"y":0.167},"n":"0p21_1_0p167_0p167","t":13,"s":[695,100,0],"e":[856.5,100,0],"to":[26.9166660308838,0,0],"ti":[-26.9166660308838,0,0]},{"t":29}]},"a":{"a":0,"k":[0,0,0]},"s":{"a":0,"k":[100,100,100]}},"ao":0,"shapes":[{"ty":"gr","it":[{"ind":0,"ty":"sh","ks":{"a":1,"k":[{"i":{"x":0.21,"y":1},"o":{"x":0.5,"y":0},"n":"0p21_1_0p5_0","t":13,"s":[{"i":[[0,0],[0,0],[0,0],[0,0],[0,0],[0,0]],"o":[[0,0],[0,0],[0,0],[0,0],[0,0],[0,0]],"v":[[2.732,-99.751],[111.732,0.222],[2.607,100.222],[-59.857,100.222],[49.268,0.472],[-59.732,-99.751]],"c":true}],"e":[{"i":[[0,0],[0,0],[0,0],[0,0],[0,0],[0,0]],"o":[[0,0],[0,0],[0,0],[0,0],[0,0],[0,0]],"v":[[2.732,-99.751],[111.732,0.222],[2.607,100.222],[2.643,100.193],[111.768,0.443],[2.768,-99.779]],"c":true}]},{"t":29}]},"nm":"Path 1","mn":"ADBE Vector Shape - Group"},{"ty":"fl","c":{"a":0,"k":[0.757,0.753,0.753,1]},"o":{"a":0,"k":100},"r":1,"nm":"Fill 1","mn":"ADBE Vector Graphic - Fill"},{"ty":"tr","p":{"a":0,"k":[430.232,-0.361],"ix":2},"a":{"a":0,"k":[0,0],"ix":1},"s":{"a":0,"k":[100,100.169],"ix":3},"r":{"a":0,"k":0,"ix":6},"o":{"a":0,"k":100,"ix":7},"sk":{"a":0,"k":0,"ix":4},"sa":{"a":0,"k":0,"ix":5},"nm":"Transform"}],"nm":"Rectangle 1","np":3,"mn":"ADBE Vector Group"}],"ip":0,"op":51,"st":0,"bm":0,"sr":1}]}