{"v":"4.5.9","fr":30,"ip":0,"op":52,"w":1300,"h":500,"ddd":0,"assets":[],"layers":[{"ddd":0,"ind":0,"ty":4,"nm":"box","ks":{"o":{"a":1,"k":[{"i":{"x":[0.2],"y":[1]},"o":{"x":[0.671],"y":[0.558]},"n":["0p2_1_0p671_0p558"],"t":22,"s":[0],"e":[100]},{"t":43}]},"r":{"a":0,"k":0},"p":{"a":0,"k":[607.162,401.958,0]},"a":{"a":0,"k":[607.162,401.958,0]},"s":{"a":1,"k":[{"i":{"x":[0.2,0.2,0.2],"y":[1,1,0.2]},"o":{"x":[0.671,0.671,0.25],"y":[0.558,0.558,0.25]},"n":["0p2_1_0p671_0p558","0p2_1_0p671_0p558","0p2_0p2_0p25_0p25"],"t":22,"s":[0,0,100],"e":[100,100,100]},{"t":43}]}},"ao":0,"shapes":[{"ty":"gr","it":[{"ty":"gr","it":[{"ty":"gr","it":[{"ind":0,"ty":"sh","ks":{"a":0,"k":{"i":[[0,0],[0,0],[0,0],[0,0],[0,0],[0,0],[0,0],[0,0],[0,0]],"o":[[0,0],[0,0],[0,0],[0,0],[0,0],[0,0],[0,0],[0,0],[0,0]],"v":[[-5.945,-5.73],[-2.796,-5.73],[-0.006,-0.73],[2.805,-5.73],[5.945,-5.73],[1.425,2.27],[1.425,5.73],[-1.425,5.73],[-1.425,2.28]],"c":true}},"nm":"Path 1","mn":"ADBE Vector Shape - Group"},{"ty":"fl","c":{"a":0,"k":[1,1,1,1]},"o":{"a":0,"k":100},"r":1,"nm":"Fill 1","mn":"ADBE Vector Graphic - Fill"},{"ty":"tr","p":{"a":0,"k":[226.055,84.52],"ix":2},"a":{"a":0,"k":[0,0],"ix":1},"s":{"a":0,"k":[100,100],"ix":3},"r":{"a":0,"k":0,"ix":6},"o":{"a":0,"k":100,"ix":7},"sk":{"a":0,"k":0,"ix":4},"sa":{"a":0,"k":0,"ix":5},"nm":"Transform"}],"nm":"Group 1","np":2,"mn":"ADBE Vector Group"},{"ty":"tr","p":{"a":0,"k":[1054.467,401.939],"ix":2},"a":{"a":0,"k":[226.055,84.52],"ix":1},"s":{"a":0,"k":[427.757,427.757],"ix":3},"r":{"a":0,"k":0,"ix":6},"o":{"a":0,"k":100,"ix":7},"sk":{"a":0,"k":0,"ix":4},"sa":{"a":0,"k":0,"ix":5},"nm":"Transform"}],"nm":"Group 1","np":1,"mn":"ADBE Vector Group"},{"ty":"gr","it":[{"ty":"gr","it":[{"ind":0,"ty":"sh","ks":{"a":0,"k":{"i":[[0,0],[0,0],[-0.41,0.296],[0.008,0.445],[0.364,0.247],[0.504,-0.017],[0,0]],"o":[[0,0],[0.505,0.018],[0.364,-0.256],[0.008,-0.439],[-0.413,-0.289],[0,0],[0,0]],"v":[[-2.419,-0.123],[-0.31,-0.123],[1.101,-0.553],[1.671,-1.673],[1.101,-2.773],[-0.31,-3.193],[-2.419,-3.193]],"c":true}},"nm":"Path 1","mn":"ADBE Vector Shape - Group"},{"ind":1,"ty":"sh","ks":{"a":0,"k":{"i":[[0,0],[0,0],[0,0],[-0.982,-0.766],[0.047,-1.129],[0.394,-0.633],[0.667,-0.323],[0,0],[0,0],[0,0],[0,0],[0,0]],"o":[[0,0],[0,0],[1.245,-0.064],[0.866,0.725],[0.015,0.744],[-0.398,0.625],[0,0],[0,0],[0,0],[0,0],[0,0],[0,0]],"v":[[-5.27,5.757],[-5.27,-5.703],[-0.27,-5.703],[3.181,-4.613],[4.48,-1.673],[3.9,0.437],[2.27,1.887],[5.27,5.767],[1.831,5.767],[-0.629,2.447],[-2.399,2.447],[-2.399,5.767]],"c":true}},"nm":"Path 2","mn":"ADBE Vector Shape - Group"},{"ty":"mm","mm":1,"nm":"Merge Paths 1","mn":"ADBE Vector Filter - Merge"},{"ty":"fl","c":{"a":0,"k":[1,1,1,1]},"o":{"a":0,"k":100},"r":1,"nm":"Fill 1","mn":"ADBE Vector Graphic - Fill"},{"ty":"tr","p":{"a":0,"k":[215.949,84.493],"ix":2},"a":{"a":0,"k":[0,0],"ix":1},"s":{"a":0,"k":[100,100],"ix":3},"r":{"a":0,"k":0,"ix":6},"o":{"a":0,"k":100,"ix":7},"sk":{"a":0,"k":0,"ix":4},"sa":{"a":0,"k":0,"ix":5},"nm":"Transform"}],"nm":"Group 2","np":4,"mn":"ADBE Vector Group"},{"ty":"tr","p":{"a":0,"k":[1011.237,401.946],"ix":2},"a":{"a":0,"k":[215.949,84.522],"ix":1},"s":{"a":0,"k":[427.757,427.757],"ix":3},"r":{"a":0,"k":0,"ix":6},"o":{"a":0,"k":100,"ix":7},"sk":{"a":0,"k":0,"ix":4},"sa":{"a":0,"k":0,"ix":5},"nm":"Transform"}],"nm":"Group 2","np":1,"mn":"ADBE Vector Group"},{"ty":"gr","it":[{"ty":"gr","it":[{"ind":0,"ty":"sh","ks":{"a":0,"k":{"i":[[0.036,-0.037],[-1.212,-1.329],[-1.256,1.211],[-0.027,0.028],[1.212,1.329],[1.257,-1.196]],"o":[[-1.212,1.329],[1.211,1.256],[0.028,-0.027],[1.212,-1.329],[-1.196,-1.256],[-0.037,0.036]],"v":[[-2.249,-2.344],[-2.249,2.346],[2.218,2.428],[2.3,2.346],[2.3,-2.344],[-2.14,-2.454]],"c":true}},"nm":"Path 1","mn":"ADBE Vector Shape - Group"},{"ind":1,"ty":"sh","ks":{"a":0,"k":{"i":[[0.521,0.894],[-1.042,1.865],[-0.909,0.51],[-1.083,-0.013],[-0.768,-0.314],[-0.561,-0.545],[-0.297,-0.711],[0.621,-1.494],[0.547,-0.543],[0.723,-0.272],[0.828,0.007],[0.943,0.53]],"o":[[-1.042,-1.864],[0.518,-0.904],[0.943,-0.53],[0.829,-0.003],[0.727,0.288],[0.547,0.542],[0.621,1.495],[-0.297,0.712],[-0.565,0.527],[-0.769,0.311],[-1.083,0.012],[-0.906,-0.501]],"v":[[-5.249,3.016],[-5.249,-2.984],[-3.07,-5.145],[0.021,-5.934],[2.44,-5.464],[4.391,-4.203],[5.671,-2.305],[5.671,2.366],[4.391,4.266],[2.44,5.476],[0.021,5.936],[-3.07,5.146]],"c":true}},"nm":"Path 2","mn":"ADBE Vector Shape - Group"},{"ty":"mm","mm":1,"nm":"Merge Paths 1","mn":"ADBE Vector Filter - Merge"},{"ty":"fl","c":{"a":0,"k":[1,1,1,1]},"o":{"a":0,"k":100},"r":1,"nm":"Fill 1","mn":"ADBE Vector Graphic - Fill"},{"ty":"tr","p":{"a":0,"k":[203.169,84.524],"ix":2},"a":{"a":0,"k":[0,0],"ix":1},"s":{"a":0,"k":[100,100],"ix":3},"r":{"a":0,"k":0,"ix":6},"o":{"a":0,"k":100,"ix":7},"sk":{"a":0,"k":0,"ix":4},"sa":{"a":0,"k":0,"ix":5},"nm":"Transform"}],"nm":"Group 3","np":4,"mn":"ADBE Vector Group"},{"ty":"tr","p":{"a":0,"k":[956.796,401.959],"ix":2},"a":{"a":0,"k":[203.222,84.525],"ix":1},"s":{"a":0,"k":[427.757,427.757],"ix":3},"r":{"a":0,"k":0,"ix":6},"o":{"a":0,"k":100,"ix":7},"sk":{"a":0,"k":0,"ix":4},"sa":{"a":0,"k":0,"ix":5},"nm":"Transform"}],"nm":"Group 3","np":1,"mn":"ADBE Vector Group"},{"ty":"gr","it":[{"ty":"gr","it":[{"ind":0,"ty":"sh","ks":{"a":0,"k":{"i":[[0,0],[0,0],[0,0],[0,0],[0,0],[0,0],[0,0],[0,0]],"o":[[0,0],[0,0],[0,0],[0,0],[0,0],[0,0],[0,0],[0,0]],"v":[[-5.075,-3.175],[-5.075,-5.735],[5.075,-5.735],[5.075,-3.164],[1.435,-3.164],[1.435,5.735],[-1.415,5.735],[-1.415,-3.164]],"c":true}},"nm":"Path 1","mn":"ADBE Vector Shape - Group"},{"ty":"fl","c":{"a":0,"k":[1,1,1,1]},"o":{"a":0,"k":100},"r":1,"nm":"Fill 1","mn":"ADBE Vector Graphic - Fill"},{"ty":"tr","p":{"a":0,"k":[192.075,84.525],"ix":2},"a":{"a":0,"k":[0,0],"ix":1},"s":{"a":0,"k":[100,100],"ix":3},"r":{"a":0,"k":0,"ix":6},"o":{"a":0,"k":100,"ix":7},"sk":{"a":0,"k":0,"ix":4},"sa":{"a":0,"k":0,"ix":5},"nm":"Transform"}],"nm":"Group 4","np":2,"mn":"ADBE Vector Group"},{"ty":"tr","p":{"a":0,"k":[909.114,401.959],"ix":2},"a":{"a":0,"k":[192.075,84.525],"ix":1},"s":{"a":0,"k":[427.757,427.757],"ix":3},"r":{"a":0,"k":0,"ix":6},"o":{"a":0,"k":100,"ix":7},"sk":{"a":0,"k":0,"ix":4},"sa":{"a":0,"k":0,"ix":5},"nm":"Transform"}],"nm":"Group 4","np":1,"mn":"ADBE Vector Group"},{"ty":"gr","it":[{"ty":"gr","it":[{"ind":0,"ty":"sh","ks":{"a":0,"k":{"i":[[0.291,0.709],[-0.62,1.533],[-0.548,0.541],[-0.72,0.279],[-0.822,-0.005],[-0.697,-0.25],[-0.517,-0.438],[-0.301,-0.6],[-0.083,-0.697],[0,0],[0.517,0.441],[0.675,-0.025],[0.591,-0.626],[-1.184,-1.362],[-0.859,0.028],[-0.525,0.426],[-0.133,0.669],[0,0],[1.054,-0.926],[1.429,0.044],[0.765,0.302],[0.557,0.524]],"o":[[-0.62,-1.533],[0.29,-0.712],[0.553,-0.539],[0.765,-0.302],[0.739,-0.005],[0.64,0.222],[0.503,0.444],[0.321,0.625],[0,0],[-0.13,-0.667],[-0.525,-0.425],[-0.859,-0.028],[-1.184,1.362],[0.591,0.625],[0.675,0.026],[0.515,-0.446],[0,0],[-0.126,1.398],[-1.086,0.932],[-0.822,0.004],[-0.716,-0.268],[-0.547,-0.537]],"v":[[-5.365,2.396],[-5.365,-2.384],[-4.095,-4.285],[-2.166,-5.525],[0.235,-5.975],[2.405,-5.605],[4.155,-4.605],[5.374,-3.025],[5.985,-1.025],[3.065,-1.025],[2.065,-2.735],[0.204,-3.355],[-2.076,-2.415],[-2.076,2.336],[0.204,3.275],[2.065,2.656],[3.065,0.936],[5.985,0.936],[4.145,4.555],[0.235,5.936],[-2.166,5.486],[-4.095,4.286]],"c":true}},"nm":"Path 1","mn":"ADBE Vector Shape - Group"},{"ty":"fl","c":{"a":0,"k":[1,1,1,1]},"o":{"a":0,"k":100},"r":1,"nm":"Fill 1","mn":"ADBE Vector Graphic - Fill"},{"ty":"tr","p":{"a":0,"k":[181.095,84.524],"ix":2},"a":{"a":0,"k":[0,0],"ix":1},"s":{"a":0,"k":[100,100],"ix":3},"r":{"a":0,"k":0,"ix":6},"o":{"a":0,"k":100,"ix":7},"sk":{"a":0,"k":0,"ix":4},"sa":{"a":0,"k":0,"ix":5},"nm":"Transform"}],"nm":"Group 5","np":2,"mn":"ADBE Vector Group"},{"ty":"tr","p":{"a":0,"k":[862.479,401.88],"ix":2},"a":{"a":0,"k":[181.173,84.506],"ix":1},"s":{"a":0,"k":[427.757,427.757],"ix":3},"r":{"a":0,"k":0,"ix":6},"o":{"a":0,"k":100,"ix":7},"sk":{"a":0,"k":0,"ix":4},"sa":{"a":0,"k":0,"ix":5},"nm":"Transform"}],"nm":"Group 5","np":1,"mn":"ADBE Vector Group"},{"ty":"gr","it":[{"ty":"gr","it":[{"ind":0,"ty":"sh","ks":{"a":0,"k":{"i":[[0,0],[0,0],[0,0],[0,0]],"o":[[0,0],[0,0],[0,0],[0,0]],"v":[[-1.425,-5.73],[1.425,-5.73],[1.425,5.73],[-1.425,5.73]],"c":true}},"nm":"Path 1","mn":"ADBE Vector Shape - Group"},{"ty":"fl","c":{"a":0,"k":[1,1,1,1]},"o":{"a":0,"k":100},"r":1,"nm":"Fill 1","mn":"ADBE Vector Graphic - Fill"},{"ty":"tr","p":{"a":0,"k":[172.425,84.52],"ix":2},"a":{"a":0,"k":[0,0],"ix":1},"s":{"a":0,"k":[100,100],"ix":3},"r":{"a":0,"k":0,"ix":6},"o":{"a":0,"k":100,"ix":7},"sk":{"a":0,"k":0,"ix":4},"sa":{"a":0,"k":0,"ix":5},"nm":"Transform"}],"nm":"Group 6","np":2,"mn":"ADBE Vector Group"},{"ty":"tr","p":{"a":0,"k":[825.059,401.939],"ix":2},"a":{"a":0,"k":[172.425,84.52],"ix":1},"s":{"a":0,"k":[427.757,427.757],"ix":3},"r":{"a":0,"k":0,"ix":6},"o":{"a":0,"k":100,"ix":7},"sk":{"a":0,"k":0,"ix":4},"sa":{"a":0,"k":0,"ix":5},"nm":"Transform"}],"nm":"Group 6","np":1,"mn":"ADBE Vector Group"},{"ty":"gr","it":[{"ty":"gr","it":[{"ind":0,"ty":"sh","ks":{"a":0,"k":{"i":[[0,0],[0,0],[0,0],[0,0],[0,0],[0,0],[0,0]],"o":[[0,0],[0,0],[0,0],[0,0],[0,0],[0,0],[0,0]],"v":[[-6.415,-5.765],[-3.274,-5.765],[0.005,2.005],[3.275,-5.765],[6.415,-5.765],[1.415,5.765],[-1.444,5.765]],"c":true}},"nm":"Path 1","mn":"ADBE Vector Shape - Group"},{"ty":"fl","c":{"a":0,"k":[1,1,1,1]},"o":{"a":0,"k":100},"r":1,"nm":"Fill 1","mn":"ADBE Vector Graphic - Fill"},{"ty":"tr","p":{"a":0,"k":[163.885,84.555],"ix":2},"a":{"a":0,"k":[0,0],"ix":1},"s":{"a":0,"k":[100,100],"ix":3},"r":{"a":0,"k":0,"ix":6},"o":{"a":0,"k":100,"ix":7},"sk":{"a":0,"k":0,"ix":4},"sa":{"a":0,"k":0,"ix":5},"nm":"Transform"}],"nm":"Group 7","np":2,"mn":"ADBE Vector Group"},{"ty":"tr","p":{"a":0,"k":[788.528,402.089],"ix":2},"a":{"a":0,"k":[163.885,84.555],"ix":1},"s":{"a":0,"k":[427.757,427.757],"ix":3},"r":{"a":0,"k":0,"ix":6},"o":{"a":0,"k":100,"ix":7},"sk":{"a":0,"k":0,"ix":4},"sa":{"a":0,"k":0,"ix":5},"nm":"Transform"}],"nm":"Group 7","np":1,"mn":"ADBE Vector Group"},{"ty":"gr","it":[{"ty":"gr","it":[{"ind":0,"ty":"sh","ks":{"a":0,"k":{"i":[[0,0],[0,0],[-0.409,0.296],[0.008,0.445],[0.364,0.247],[0.503,-0.017],[0,0]],"o":[[0,0],[0.505,0.018],[0.364,-0.256],[0.009,-0.439],[-0.412,-0.289],[0,0],[0,0]],"v":[[-2.41,-0.123],[-0.3,-0.123],[1.11,-0.553],[1.68,-1.673],[1.11,-2.773],[-0.3,-3.193],[-2.41,-3.193]],"c":true}},"nm":"Path 1","mn":"ADBE Vector Shape - Group"},{"ind":1,"ty":"sh","ks":{"a":0,"k":{"i":[[0,0],[0,0],[0,0],[-0.982,-0.766],[0.047,-1.129],[0.393,-0.633],[0.668,-0.323],[0,0],[0,0],[0,0],[0,0],[0,0]],"o":[[0,0],[0,0],[1.244,-0.064],[0.866,0.725],[0.014,0.744],[-0.399,0.625],[0,0],[0,0],[0,0],[0,0],[0,0],[0,0]],"v":[[-5.27,5.757],[-5.27,-5.703],[-0.27,-5.703],[3.18,-4.613],[4.48,-1.673],[3.9,0.437],[2.27,1.887],[5.27,5.767],[1.83,5.767],[-0.63,2.447],[-2.41,2.447],[-2.41,5.767]],"c":true}},"nm":"Path 2","mn":"ADBE Vector Shape - Group"},{"ty":"mm","mm":1,"nm":"Merge Paths 1","mn":"ADBE Vector Filter - Merge"},{"ty":"fl","c":{"a":0,"k":[1,1,1,1]},"o":{"a":0,"k":100},"r":1,"nm":"Fill 1","mn":"ADBE Vector Graphic - Fill"},{"ty":"tr","p":{"a":0,"k":[148.41,84.493],"ix":2},"a":{"a":0,"k":[0,0],"ix":1},"s":{"a":0,"k":[100,100],"ix":3},"r":{"a":0,"k":0,"ix":6},"o":{"a":0,"k":100,"ix":7},"sk":{"a":0,"k":0,"ix":4},"sa":{"a":0,"k":0,"ix":5},"nm":"Transform"}],"nm":"Group 8","np":4,"mn":"ADBE Vector Group"},{"ty":"tr","p":{"a":0,"k":[722.334,401.946],"ix":2},"a":{"a":0,"k":[148.41,84.522],"ix":1},"s":{"a":0,"k":[427.757,427.757],"ix":3},"r":{"a":0,"k":0,"ix":6},"o":{"a":0,"k":100,"ix":7},"sk":{"a":0,"k":0,"ix":4},"sa":{"a":0,"k":0,"ix":5},"nm":"Transform"}],"nm":"Group 8","np":1,"mn":"ADBE Vector Group"},{"ty":"gr","it":[{"ty":"gr","it":[{"ind":0,"ty":"sh","ks":{"a":0,"k":{"i":[[0.036,-0.037],[-1.212,-1.329],[-1.257,1.211],[-0.027,0.028],[1.212,1.329],[1.256,-1.196]],"o":[[-1.212,1.329],[1.211,1.256],[0.027,-0.027],[1.212,-1.329],[-1.196,-1.256],[-0.038,0.036]],"v":[[-2.239,-2.344],[-2.239,2.346],[2.23,2.428],[2.311,2.346],[2.311,-2.344],[-2.128,-2.454]],"c":true}},"nm":"Path 1","mn":"ADBE Vector Shape - Group"},{"ind":1,"ty":"sh","ks":{"a":0,"k":{"i":[[0.524,0.895],[-1.042,1.865],[-0.909,0.51],[-1.083,-0.013],[-0.768,-0.314],[-0.558,-0.531],[-0.297,-0.712],[0.621,-1.495],[0.548,-0.543],[0.714,-0.285],[0.829,0.007],[0.943,0.53]],"o":[[-1.042,-1.864],[0.518,-0.904],[0.943,-0.53],[0.829,-0.003],[0.717,0.281],[0.548,0.543],[0.621,1.494],[-0.297,0.711],[-0.554,0.534],[-0.768,0.311],[-1.082,0.012],[-0.909,-0.499]],"v":[[-5.239,3.016],[-5.239,-2.984],[-3.059,-5.145],[0.032,-5.934],[2.451,-5.464],[4.381,-4.234],[5.661,-2.333],[5.661,2.337],[4.381,4.236],[2.461,5.476],[0.041,5.936],[-3.049,5.146]],"c":true}},"nm":"Path 2","mn":"ADBE Vector Shape - Group"},{"ty":"mm","mm":1,"nm":"Merge Paths 1","mn":"ADBE Vector Filter - Merge"},{"ty":"fl","c":{"a":0,"k":[1,1,1,1]},"o":{"a":0,"k":100},"r":1,"nm":"Fill 1","mn":"ADBE Vector Graphic - Fill"},{"ty":"tr","p":{"a":0,"k":[135.619,84.524],"ix":2},"a":{"a":0,"k":[0,0],"ix":1},"s":{"a":0,"k":[100,100],"ix":3},"r":{"a":0,"k":0,"ix":6},"o":{"a":0,"k":100,"ix":7},"sk":{"a":0,"k":0,"ix":4},"sa":{"a":0,"k":0,"ix":5},"nm":"Transform"}],"nm":"Group 9","np":4,"mn":"ADBE Vector Group"},{"ty":"tr","p":{"a":0,"k":[667.846,401.959],"ix":2},"a":{"a":0,"k":[135.672,84.525],"ix":1},"s":{"a":0,"k":[427.757,427.757],"ix":3},"r":{"a":0,"k":0,"ix":6},"o":{"a":0,"k":100,"ix":7},"sk":{"a":0,"k":0,"ix":4},"sa":{"a":0,"k":0,"ix":5},"nm":"Transform"}],"nm":"Group 9","np":1,"mn":"ADBE Vector Group"},{"ty":"gr","it":[{"ty":"gr","it":[{"ind":0,"ty":"sh","ks":{"a":0,"k":{"i":[[0,0],[0,0],[0,0],[0,0],[0,0],[0,0],[0,0],[0,0],[0,0],[0,0]],"o":[[0,0],[0,0],[0,0],[0,0],[0,0],[0,0],[0,0],[0,0],[0,0],[0,0]],"v":[[-4.27,5.73],[-4.27,-5.73],[4.27,-5.73],[4.27,-3.21],[-1.43,-3.21],[-1.43,-0.79],[3.49,-0.79],[3.49,1.68],[-1.43,1.68],[-1.43,5.68]],"c":true}},"nm":"Path 1","mn":"ADBE Vector Shape - Group"},{"ty":"fl","c":{"a":0,"k":[1,1,1,1]},"o":{"a":0,"k":100},"r":1,"nm":"Fill 1","mn":"ADBE Vector Graphic - Fill"},{"ty":"tr","p":{"a":0,"k":[124.89,84.52],"ix":2},"a":{"a":0,"k":[0,0],"ix":1},"s":{"a":0,"k":[100,100],"ix":3},"r":{"a":0,"k":0,"ix":6},"o":{"a":0,"k":100,"ix":7},"sk":{"a":0,"k":0,"ix":4},"sa":{"a":0,"k":0,"ix":5},"nm":"Transform"}],"nm":"Group 10","np":2,"mn":"ADBE Vector Group"},{"ty":"tr","p":{"a":0,"k":[621.726,401.939],"ix":2},"a":{"a":0,"k":[124.89,84.52],"ix":1},"s":{"a":0,"k":[427.757,427.757],"ix":3},"r":{"a":0,"k":0,"ix":6},"o":{"a":0,"k":100,"ix":7},"sk":{"a":0,"k":0,"ix":4},"sa":{"a":0,"k":0,"ix":5},"nm":"Transform"}],"nm":"Group 10","np":1,"mn":"ADBE Vector Group"},{"ty":"gr","it":[{"ty":"gr","it":[{"ind":0,"ty":"sh","ks":{"a":0,"k":{"i":[[0,0],[0,0],[-0.623,0.611],[0.019,0.859],[0.616,0.576],[0.869,-0.024],[0,0]],"o":[[0,0],[0.872,0.023],[0.624,-0.592],[0.011,-0.845],[-0.629,-0.6],[0,0],[0,0]],"v":[[-2.577,3.169],[-0.807,3.169],[1.533,2.249],[2.484,-0.031],[1.533,-2.262],[-0.807,-3.161],[-2.577,-3.161]],"c":true}},"nm":"Path 1","mn":"ADBE Vector Shape - Group"},{"ind":1,"ty":"sh","ks":{"a":0,"k":{"i":[[0,0],[0,0],[0,0],[-0.991,-0.49],[-0.534,-0.861],[0.023,-1.056],[0.539,-0.906],[0.909,-0.446],[1.106,0.018]],"o":[[0,0],[0,0],[1.105,-0.017],[0.91,0.446],[0.546,0.904],[0.017,1.055],[-0.534,0.861],[-0.991,0.492],[0,0]],"v":[[-5.427,5.739],[-5.427,-5.721],[-0.797,-5.721],[2.393,-5.001],[4.604,-3.001],[5.404,-0.001],[4.604,2.999],[2.393,4.999],[-0.797,5.72]],"c":true}},"nm":"Path 2","mn":"ADBE Vector Shape - Group"},{"ty":"mm","mm":1,"nm":"Merge Paths 1","mn":"ADBE Vector Filter - Merge"},{"ty":"fl","c":{"a":0,"k":[1,1,1,1]},"o":{"a":0,"k":100},"r":1,"nm":"Fill 1","mn":"ADBE Vector Graphic - Fill"},{"ty":"tr","p":{"a":0,"k":[109.967,84.511],"ix":2},"a":{"a":0,"k":[0,0],"ix":1},"s":{"a":0,"k":[100,100],"ix":3},"r":{"a":0,"k":0,"ix":6},"o":{"a":0,"k":100,"ix":7},"sk":{"a":0,"k":0,"ix":4},"sa":{"a":0,"k":0,"ix":5},"nm":"Transform"}],"nm":"Group 11","np":4,"mn":"ADBE Vector Group"},{"ty":"tr","p":{"a":0,"k":[557.843,401.936],"ix":2},"a":{"a":0,"k":[109.956,84.519],"ix":1},"s":{"a":0,"k":[427.757,427.757],"ix":3},"r":{"a":0,"k":0,"ix":6},"o":{"a":0,"k":100,"ix":7},"sk":{"a":0,"k":0,"ix":4},"sa":{"a":0,"k":0,"ix":5},"nm":"Transform"}],"nm":"Group 11","np":1,"mn":"ADBE Vector Group"},{"ty":"gr","it":[{"ty":"gr","it":[{"ind":0,"ty":"sh","ks":{"a":0,"k":{"i":[[0,0],[0,0],[0,0],[0,0],[0,0],[0,0],[0,0],[0,0],[0,0],[0,0],[0,0],[0,0]],"o":[[0,0],[0,0],[0,0],[0,0],[0,0],[0,0],[0,0],[0,0],[0,0],[0,0],[0,0],[0,0]],"v":[[-4.335,5.72],[-4.335,-5.74],[4.335,-5.74],[4.335,-3.26],[-1.485,-3.26],[-1.485,-1.17],[3.585,-1.17],[3.585,1.26],[-1.485,1.26],[-1.485,3.26],[4.335,3.26],[4.335,5.74]],"c":true}},"nm":"Path 1","mn":"ADBE Vector Shape - Group"},{"ty":"fl","c":{"a":0,"k":[1,1,1,1]},"o":{"a":0,"k":100},"r":1,"nm":"Fill 1","mn":"ADBE Vector Graphic - Fill"},{"ty":"tr","p":{"a":0,"k":[98.935,84.53],"ix":2},"a":{"a":0,"k":[0,0],"ix":1},"s":{"a":0,"k":[100,100],"ix":3},"r":{"a":0,"k":0,"ix":6},"o":{"a":0,"k":100,"ix":7},"sk":{"a":0,"k":0,"ix":4},"sa":{"a":0,"k":0,"ix":5},"nm":"Transform"}],"nm":"Group 12","np":2,"mn":"ADBE Vector Group"},{"ty":"tr","p":{"a":0,"k":[510.701,401.982],"ix":2},"a":{"a":0,"k":[98.935,84.53],"ix":1},"s":{"a":0,"k":[427.757,427.757],"ix":3},"r":{"a":0,"k":0,"ix":6},"o":{"a":0,"k":100,"ix":7},"sk":{"a":0,"k":0,"ix":4},"sa":{"a":0,"k":0,"ix":5},"nm":"Transform"}],"nm":"Group 12","np":1,"mn":"ADBE Vector Group"},{"ty":"gr","it":[{"ty":"gr","it":[{"ind":0,"ty":"sh","ks":{"a":0,"k":{"i":[[0,0],[0,0],[-0.409,0.296],[0.008,0.445],[0.364,0.247],[0.503,-0.017],[0,0]],"o":[[0,0],[0.505,0.018],[0.364,-0.256],[0.008,-0.439],[-0.412,-0.289],[0,0],[0,0]],"v":[[-2.42,-0.123],[-0.31,-0.123],[1.1,-0.553],[1.67,-1.673],[1.1,-2.773],[-0.31,-3.193],[-2.42,-3.193]],"c":true}},"nm":"Path 1","mn":"ADBE Vector Shape - Group"},{"ind":1,"ty":"sh","ks":{"a":0,"k":{"i":[[0,0],[0,0],[0,0],[-0.981,-0.766],[0.046,-1.129],[0.393,-0.632],[0.667,-0.323],[0,0],[0,0],[0,0],[0,0],[0,0]],"o":[[0,0],[0,0],[1.244,-0.064],[0.866,0.725],[0.015,0.744],[-0.399,0.625],[0,0],[0,0],[0,0],[0,0],[0,0],[0,0]],"v":[[-5.27,5.757],[-5.27,-5.703],[-0.27,-5.703],[3.18,-4.613],[4.48,-1.673],[3.9,0.437],[2.27,1.887],[5.27,5.767],[1.81,5.767],[-0.63,2.437],[-2.42,2.437],[-2.42,5.757]],"c":true}},"nm":"Path 2","mn":"ADBE Vector Shape - Group"},{"ty":"mm","mm":1,"nm":"Merge Paths 1","mn":"ADBE Vector Filter - Merge"},{"ty":"fl","c":{"a":0,"k":[1,1,1,1]},"o":{"a":0,"k":100},"r":1,"nm":"Fill 1","mn":"ADBE Vector Graphic - Fill"},{"ty":"tr","p":{"a":0,"k":[88.63,84.493],"ix":2},"a":{"a":0,"k":[0,0],"ix":1},"s":{"a":0,"k":[100,100],"ix":3},"r":{"a":0,"k":0,"ix":6},"o":{"a":0,"k":100,"ix":7},"sk":{"a":0,"k":0,"ix":4},"sa":{"a":0,"k":0,"ix":5},"nm":"Transform"}],"nm":"Group 13","np":4,"mn":"ADBE Vector Group"},{"ty":"tr","p":{"a":0,"k":[466.621,401.946],"ix":2},"a":{"a":0,"k":[88.63,84.522],"ix":1},"s":{"a":0,"k":[427.757,427.757],"ix":3},"r":{"a":0,"k":0,"ix":6},"o":{"a":0,"k":100,"ix":7},"sk":{"a":0,"k":0,"ix":4},"sa":{"a":0,"k":0,"ix":5},"nm":"Transform"}],"nm":"Group 13","np":1,"mn":"ADBE Vector Group"},{"ty":"gr","it":[{"ty":"gr","it":[{"ind":0,"ty":"sh","ks":{"a":0,"k":{"i":[[0,0],[0,0],[0,0],[0,0],[0,0],[0,0],[0,0],[0,0],[0,0],[0,0],[0,0],[0,0]],"o":[[0,0],[0,0],[0,0],[0,0],[0,0],[0,0],[0,0],[0,0],[0,0],[0,0],[0,0],[0,0]],"v":[[-4.335,5.72],[-4.335,-5.74],[4.335,-5.74],[4.335,-3.26],[-1.485,-3.26],[-1.485,-1.17],[3.585,-1.17],[3.585,1.26],[-1.485,1.26],[-1.485,3.26],[4.335,3.26],[4.335,5.74]],"c":true}},"nm":"Path 1","mn":"ADBE Vector Shape - Group"},{"ty":"fl","c":{"a":0,"k":[1,1,1,1]},"o":{"a":0,"k":100},"r":1,"nm":"Fill 1","mn":"ADBE Vector Graphic - Fill"},{"ty":"tr","p":{"a":0,"k":[77.755,84.53],"ix":2},"a":{"a":0,"k":[0,0],"ix":1},"s":{"a":0,"k":[100,100],"ix":3},"r":{"a":0,"k":0,"ix":6},"o":{"a":0,"k":100,"ix":7},"sk":{"a":0,"k":0,"ix":4},"sa":{"a":0,"k":0,"ix":5},"nm":"Transform"}],"nm":"Group 14","np":2,"mn":"ADBE Vector Group"},{"ty":"tr","p":{"a":0,"k":[420.102,401.982],"ix":2},"a":{"a":0,"k":[77.755,84.53],"ix":1},"s":{"a":0,"k":[427.757,427.757],"ix":3},"r":{"a":0,"k":0,"ix":6},"o":{"a":0,"k":100,"ix":7},"sk":{"a":0,"k":0,"ix":4},"sa":{"a":0,"k":0,"ix":5},"nm":"Transform"}],"nm":"Group 14","np":1,"mn":"ADBE Vector Group"},{"ty":"gr","it":[{"ty":"gr","it":[{"ind":0,"ty":"sh","ks":{"a":0,"k":{"i":[[0,0],[0,0],[0,0],[0,0],[0,0],[0,0],[0,0],[0,0],[0,0],[0,0],[0,0],[0,0]],"o":[[0,0],[0,0],[0,0],[0,0],[0,0],[0,0],[0,0],[0,0],[0,0],[0,0],[0,0],[0,0]],"v":[[-4.335,5.72],[-4.335,-5.74],[4.335,-5.74],[4.335,-3.26],[-1.485,-3.26],[-1.485,-1.17],[3.585,-1.17],[3.585,1.26],[-1.485,1.26],[-1.485,3.26],[4.335,3.26],[4.335,5.74]],"c":true}},"nm":"Path 1","mn":"ADBE Vector Shape - Group"},{"ty":"fl","c":{"a":0,"k":[1,1,1,1]},"o":{"a":0,"k":100},"r":1,"nm":"Fill 1","mn":"ADBE Vector Graphic - Fill"},{"ty":"tr","p":{"a":0,"k":[67.815,84.53],"ix":2},"a":{"a":0,"k":[0,0],"ix":1},"s":{"a":0,"k":[100,100],"ix":3},"r":{"a":0,"k":0,"ix":6},"o":{"a":0,"k":100,"ix":7},"sk":{"a":0,"k":0,"ix":4},"sa":{"a":0,"k":0,"ix":5},"nm":"Transform"}],"nm":"Group 15","np":2,"mn":"ADBE Vector Group"},{"ty":"tr","p":{"a":0,"k":[377.583,401.982],"ix":2},"a":{"a":0,"k":[67.815,84.53],"ix":1},"s":{"a":0,"k":[427.757,427.757],"ix":3},"r":{"a":0,"k":0,"ix":6},"o":{"a":0,"k":100,"ix":7},"sk":{"a":0,"k":0,"ix":4},"sa":{"a":0,"k":0,"ix":5},"nm":"Transform"}],"nm":"Group 15","np":1,"mn":"ADBE Vector Group"},{"ty":"gr","it":[{"ty":"gr","it":[{"ind":0,"ty":"sh","ks":{"a":0,"k":{"i":[[0,0],[0,0],[0,0],[0,0],[0,0],[0,0],[0,0],[0,0],[0,0],[0,0]],"o":[[0,0],[0,0],[0,0],[0,0],[0,0],[0,0],[0,0],[0,0],[0,0],[0,0]],"v":[[-5.295,5.71],[-5.295,-5.75],[-3.125,-5.75],[2.445,0.71],[2.445,-5.75],[5.295,-5.75],[5.295,5.71],[3.055,5.71],[-2.445,-0.54],[-2.445,5.75]],"c":true}},"nm":"Path 1","mn":"ADBE Vector Shape - Group"},{"ty":"fl","c":{"a":0,"k":[1,1,1,1]},"o":{"a":0,"k":100},"r":1,"nm":"Fill 1","mn":"ADBE Vector Graphic - Fill"},{"ty":"tr","p":{"a":0,"k":[56.555,84.54],"ix":2},"a":{"a":0,"k":[0,0],"ix":1},"s":{"a":0,"k":[100,100],"ix":3},"r":{"a":0,"k":0,"ix":6},"o":{"a":0,"k":100,"ix":7},"sk":{"a":0,"k":0,"ix":4},"sa":{"a":0,"k":0,"ix":5},"nm":"Transform"}],"nm":"Group 16","np":2,"mn":"ADBE Vector Group"},{"ty":"tr","p":{"a":0,"k":[329.417,402.025],"ix":2},"a":{"a":0,"k":[56.555,84.54],"ix":1},"s":{"a":0,"k":[427.757,427.757],"ix":3},"r":{"a":0,"k":0,"ix":6},"o":{"a":0,"k":100,"ix":7},"sk":{"a":0,"k":0,"ix":4},"sa":{"a":0,"k":0,"ix":5},"nm":"Transform"}],"nm":"Group 16","np":1,"mn":"ADBE Vector Group"},{"ty":"gr","it":[{"ty":"gr","it":[{"ind":0,"ty":"sh","ks":{"a":0,"k":{"i":[[0,0],[0,0],[0,0],[0,0]],"o":[[0,0],[0,0],[0,0],[0,0]],"v":[[-1.425,-5.73],[1.425,-5.73],[1.425,5.73],[-1.425,5.73]],"c":true}},"nm":"Path 1","mn":"ADBE Vector Shape - Group"},{"ty":"fl","c":{"a":0,"k":[1,1,1,1]},"o":{"a":0,"k":100},"r":1,"nm":"Fill 1","mn":"ADBE Vector Graphic - Fill"},{"ty":"tr","p":{"a":0,"k":[48.155,84.52],"ix":2},"a":{"a":0,"k":[0,0],"ix":1},"s":{"a":0,"k":[100,100],"ix":3},"r":{"a":0,"k":0,"ix":6},"o":{"a":0,"k":100,"ix":7},"sk":{"a":0,"k":0,"ix":4},"sa":{"a":0,"k":0,"ix":5},"nm":"Transform"}],"nm":"Group 17","np":2,"mn":"ADBE Vector Group"},{"ty":"tr","p":{"a":0,"k":[293.486,401.939],"ix":2},"a":{"a":0,"k":[48.155,84.52],"ix":1},"s":{"a":0,"k":[427.757,427.757],"ix":3},"r":{"a":0,"k":0,"ix":6},"o":{"a":0,"k":100,"ix":7},"sk":{"a":0,"k":0,"ix":4},"sa":{"a":0,"k":0,"ix":5},"nm":"Transform"}],"nm":"Group 17","np":1,"mn":"ADBE Vector Group"},{"ty":"gr","it":[{"ty":"gr","it":[{"ind":0,"ty":"sh","ks":{"a":0,"k":{"i":[[-0.017,1.04],[-0.542,0.96],[-0.921,0.504],[-1.098,-0.021],[-0.828,-0.339],[-0.538,-0.648],[-0.143,-0.855],[0,0],[0.207,0.246],[0.257,0.13],[0.26,0.058],[0.265,-0.002],[0.627,-0.64],[-0.038,-0.914],[-0.612,-0.62],[-1.337,1.238],[-0.18,0.377],[0,0],[0,0],[0,0],[0,0],[0,0],[0,0],[1.398,0.066],[0.968,0.528],[0.515,0.889]],"o":[[-0.018,-1.103],[0.516,-0.915],[0.967,-0.52],[0.894,-0.009],[0.776,0.331],[0.557,0.664],[0,0],[-0.11,-0.302],[-0.186,-0.219],[-0.238,-0.12],[-0.26,-0.056],[-0.895,-0.035],[-0.626,0.666],[-0.024,0.87],[1.238,1.337],[0.307,-0.283],[0,0],[0,0],[0,0],[0,0],[0,0],[0,0],[-0.886,1.084],[-1.103,0.018],[-0.904,-0.489],[-0.514,-0.905]],"v":[[-5.991,0.087],[-5.191,-3.062],[-2.991,-5.232],[0.159,-5.993],[2.769,-5.493],[4.769,-4.003],[5.839,-1.683],[2.839,-1.683],[2.359,-2.513],[1.689,-3.043],[0.939,-3.312],[0.149,-3.392],[-2.241,-2.442],[-3.161,0.027],[-2.241,2.359],[2.422,2.538],[3.159,1.538],[-0.121,1.538],[-0.121,-0.732],[6.009,-0.732],[6.009,5.708],[3.849,5.708],[3.729,4.327],[0.099,5.947],[-3.061,5.167],[-5.231,3.059]],"c":true}},"nm":"Path 1","mn":"ADBE Vector Shape - Group"},{"ty":"fl","c":{"a":0,"k":[1,1,1,1]},"o":{"a":0,"k":100},"r":1,"nm":"Fill 1","mn":"ADBE Vector Graphic - Fill"},{"ty":"tr","p":{"a":0,"k":[38.841,84.552],"ix":2},"a":{"a":0,"k":[0,0],"ix":1},"s":{"a":0,"k":[100,100],"ix":3},"r":{"a":0,"k":0,"ix":6},"o":{"a":0,"k":100,"ix":7},"sk":{"a":0,"k":0,"ix":4},"sa":{"a":0,"k":0,"ix":5},"nm":"Transform"}],"nm":"Group 18","np":2,"mn":"ADBE Vector Group"},{"ty":"tr","p":{"a":0,"k":[253.682,401.988],"ix":2},"a":{"a":0,"k":[38.85,84.531],"ix":1},"s":{"a":0,"k":[427.757,427.757],"ix":3},"r":{"a":0,"k":0,"ix":6},"o":{"a":0,"k":100,"ix":7},"sk":{"a":0,"k":0,"ix":4},"sa":{"a":0,"k":0,"ix":5},"nm":"Transform"}],"nm":"Group 18","np":1,"mn":"ADBE Vector Group"},{"ty":"gr","it":[{"ty":"gr","it":[{"ind":0,"ty":"sh","ks":{"a":0,"k":{"i":[[0,0],[0,0],[0,0],[0,0],[0,0],[0,0],[0,0],[0,0],[0,0],[0,0]],"o":[[0,0],[0,0],[0,0],[0,0],[0,0],[0,0],[0,0],[0,0],[0,0],[0,0]],"v":[[-5.275,5.71],[-5.275,-5.75],[-3.105,-5.75],[2.425,0.71],[2.425,-5.75],[5.275,-5.75],[5.275,5.71],[3.065,5.71],[-2.435,-0.54],[-2.435,5.75]],"c":true}},"nm":"Path 1","mn":"ADBE Vector Shape - Group"},{"ty":"fl","c":{"a":0,"k":[1,1,1,1]},"o":{"a":0,"k":100},"r":1,"nm":"Fill 1","mn":"ADBE Vector Graphic - Fill"},{"ty":"tr","p":{"a":0,"k":[26.185,84.54],"ix":2},"a":{"a":0,"k":[0,0],"ix":1},"s":{"a":0,"k":[100,100],"ix":3},"r":{"a":0,"k":0,"ix":6},"o":{"a":0,"k":100,"ix":7},"sk":{"a":0,"k":0,"ix":4},"sa":{"a":0,"k":0,"ix":5},"nm":"Transform"}],"nm":"Group 19","np":2,"mn":"ADBE Vector Group"},{"ty":"tr","p":{"a":0,"k":[199.509,402.025],"ix":2},"a":{"a":0,"k":[26.185,84.54],"ix":1},"s":{"a":0,"k":[427.757,427.757],"ix":3},"r":{"a":0,"k":0,"ix":6},"o":{"a":0,"k":100,"ix":7},"sk":{"a":0,"k":0,"ix":4},"sa":{"a":0,"k":0,"ix":5},"nm":"Transform"}],"nm":"Group 19","np":1,"mn":"ADBE Vector Group"},{"ty":"gr","it":[{"ty":"gr","it":[{"ind":0,"ty":"sh","ks":{"a":0,"k":{"i":[[0,0],[0,0],[0,0],[0,0],[0,0],[0,0],[0,0],[0,0],[0,0],[0,0],[0,0],[0,0]],"o":[[0,0],[0,0],[0,0],[0,0],[0,0],[0,0],[0,0],[0,0],[0,0],[0,0],[0,0],[0,0]],"v":[[-4.335,5.72],[-4.335,-5.74],[4.335,-5.74],[4.335,-3.26],[-1.525,-3.26],[-1.525,-1.17],[3.545,-1.17],[3.545,1.26],[-1.525,1.26],[-1.525,3.26],[4.295,3.26],[4.295,5.74]],"c":true}},"nm":"Path 1","mn":"ADBE Vector Shape - Group"},{"ty":"fl","c":{"a":0,"k":[1,1,1,1]},"o":{"a":0,"k":100},"r":1,"nm":"Fill 1","mn":"ADBE Vector Graphic - Fill"},{"ty":"tr","p":{"a":0,"k":[15.335,84.53],"ix":2},"a":{"a":0,"k":[0,0],"ix":1},"s":{"a":0,"k":[100,100],"ix":3},"r":{"a":0,"k":0,"ix":6},"o":{"a":0,"k":100,"ix":7},"sk":{"a":0,"k":0,"ix":4},"sa":{"a":0,"k":0,"ix":5},"nm":"Transform"}],"nm":"Group 20","np":2,"mn":"ADBE Vector Group"},{"ty":"tr","p":{"a":0,"k":[153.096,401.982],"ix":2},"a":{"a":0,"k":[15.335,84.53],"ix":1},"s":{"a":0,"k":[427.757,427.757],"ix":3},"r":{"a":0,"k":0,"ix":6},"o":{"a":0,"k":100,"ix":7},"sk":{"a":0,"k":0,"ix":4},"sa":{"a":0,"k":0,"ix":5},"nm":"Transform"}],"nm":"Group 20","np":1,"mn":"ADBE Vector Group"},{"ty":"tr","p":{"a":0,"k":[607.225,401.97],"ix":2},"a":{"a":0,"k":[607.225,401.97],"ix":1},"s":{"a":1,"k":[{"i":{"x":[0.507,0.507],"y":[1,1]},"o":{"x":[0.259,0.259],"y":[0.02,0.02]},"n":["0p507_1_0p259_0p02","0p507_1_0p259_0p02"],"t":22,"s":[50,50],"e":[100,100]},{"t":43}],"ix":3},"r":{"a":0,"k":0,"ix":6},"o":{"a":0,"k":100,"ix":7},"sk":{"a":0,"k":0,"ix":4},"sa":{"a":0,"k":0,"ix":5},"nm":"Transform"}],"nm":"Group 22","np":20,"mn":"ADBE Vector Group"},{"ty":"gr","it":[{"ty":"gr","it":[{"ind":0,"ty":"sh","ks":{"a":0,"k":{"i":[[0,0],[0,0],[0,0],[0,0]],"o":[[0,0],[0,0],[0,0],[0,0]],"v":[[-120.916,-12.495],[120.915,-12.495],[120.915,12.495],[-120.916,12.495]],"c":true}},"nm":"Path 1","mn":"ADBE Vector Shape - Group"},{"ty":"fl","c":{"a":0,"k":[0.992,0.086,0.106,1]},"o":{"a":0,"k":100},"r":1,"nm":"Fill 1","mn":"ADBE Vector Graphic - Fill"},{"ty":"tr","p":{"a":0,"k":[121.486,84.525],"ix":2},"a":{"a":0,"k":[0,0],"ix":1},"s":{"a":0,"k":[100,100],"ix":3},"r":{"a":0,"k":0,"ix":6},"o":{"a":0,"k":100,"ix":7},"sk":{"a":0,"k":0,"ix":4},"sa":{"a":0,"k":0,"ix":5},"nm":"Transform"}],"nm":"Group 21","np":2,"mn":"ADBE Vector Group"},{"ty":"tr","p":{"a":0,"k":[607.162,401.958],"ix":2},"a":{"a":0,"k":[121.486,84.525],"ix":1},"s":{"a":0,"k":[427.757,427.757],"ix":3},"r":{"a":0,"k":0,"ix":6},"o":{"a":0,"k":100,"ix":7},"sk":{"a":0,"k":0,"ix":4},"sa":{"a":0,"k":0,"ix":5},"nm":"Transform"}],"nm":"Group 21","np":1,"mn":"ADBE Vector Group"}],"ip":0,"op":52,"st":0,"bm":0,"sr":1},{"ddd":0,"ind":1,"ty":4,"nm":"scratch 3","ks":{"o":{"a":0,"k":100},"r":{"a":0,"k":0},"p":{"a":0,"k":[800.503,213.62,0]},"a":{"a":0,"k":[166.684,40.495,0]},"s":{"a":1,"k":[{"i":{"x":[0.3,0.3,0.3],"y":[1,1,0.3]},"o":{"x":[0.7,0.7,0.7],"y":[0,0,0.7]},"n":["0p3_1_0p7_0","0p3_1_0p7_0","0p3_0p3_0p7_0p7"],"t":44,"s":[427.757,427.757,100],"e":[400,400,100]},{"i":{"x":[0.3,0.3,0.3],"y":[1,1,0.3]},"o":{"x":[0.7,0.7,0.7],"y":[0,0,0.7]},"n":["0p3_1_0p7_0","0p3_1_0p7_0","0p3_0p3_0p7_0p7"],"t":46,"s":[400,400,100],"e":[427.757,427.757,100]},{"t":50}]}},"ao":0,"hasMask":true,"masksProperties":[{"inv":false,"mode":"a","pt":{"a":1,"k":[{"i":{"x":0.3,"y":1},"o":{"x":0.7,"y":0},"n":"0p3_1_0p7_0","t":43,"s":[{"i":[[0,0],[0,0],[0,0],[0,0]],"o":[[0,0],[0,0],[0,0],[0,0]],"v":[[140.15,-1.496],[108.59,15.102],[111.629,14.635],[141.085,2.011]],"c":true}],"e":[{"i":[[0,0],[0,0],[0,0],[0,0]],"o":[[0,0],[0,0],[0,0],[0,0]],"v":[[140.15,-1.496],[108.59,15.102],[167.969,88.508],[207.244,70.624]],"c":true}]},{"t":51}]},"o":{"a":0,"k":100},"x":{"a":0,"k":0},"nm":"Mask 1"}],"shapes":[{"ty":"gr","it":[{"ind":0,"ty":"sh","ks":{"a":0,"k":{"i":[[0,0],[-1.61,-1.26],[-0.9,-0.63],[-1.467,-1.774],[-1.369,-1.42],[-0.67,-0.73],[-0.78,-0.82],[-0.71,-0.76],[-0.589,-0.813],[0.343,0.127],[-0.535,-0.374],[-0.663,-0.7],[-0.61,-0.75],[-1.31,-1.55],[0.129,-0.12],[0.11,-0.05],[-0.673,-0.678],[-0.761,-0.79],[-1.155,-1.707],[-0.49,-0.609],[-0.271,-0.278],[-0.29,-0.3],[0.13,0],[-0.192,-0.19],[-0.179,-0.21],[-0.28,-0.27],[-0.301,-0.432],[-0.74,-0.951],[-1.38,-1.601],[1.75,2.79],[0.83,1.28],[0.471,0.65],[0.34,0.5],[0.337,0.444],[0.181,0.21],[0.731,0.84],[1.261,1.74],[1.344,1.218],[1.248,1.415],[1.39,1.43],[0.47,0.55],[0.339,0.36],[0.04,-0.45],[0.171,0.16],[0.41,0.36],[1.79,1.52],[1.46,1.45],[2.18,1.91],[1.09,0.85],[0.951,0.64],[-1.11,-1.45]],"o":[[1.55,1.25],[0.839,0.66],[1.803,1.431],[1.341,1.43],[0.671,0.71],[0.67,0.73],[0.78,0.82],[0.741,0.677],[-0.322,-0.173],[0.483,0.439],[0.786,0.557],[0.65,0.74],[1.27,1.57],[0.159,0.19],[-0.13,0.12],[0.753,0.587],[0.699,0.83],[1.357,1.551],[0.48,0.62],[0.236,0.309],[0.3,0.29],[0,0.15],[0.161,0.216],[0.169,0.21],[0.181,0.21],[0.365,0.379],[0.76,1],[1.128,1.788],[-1.069,-2.791],[-0.79,-1.29],[-0.431,-0.661],[-0.359,-0.491],[-0.282,-0.482],[0,0.34],[-0.71,-0.851],[-1.449,-1.68],[-0.993,-1.518],[-1.416,-1.249],[-1.35,-1.47],[-0.52,-0.54],[-0.31,-0.35],[0,0.1],[0,0.2],[-0.399,-0.36],[-1.75,-1.55],[-1.59,-1.36],[-2,-2],[-1,-0.88],[-0.89,-0.71],[1.351,2.41],[0,0]],"v":[[-24.734,-27.295],[-20.464,-23.395],[-17.964,-21.605],[-13.045,-16.785],[-9.125,-12.365],[-7.014,-10.365],[-4.964,-7.855],[-2.684,-5.735],[-0.684,-3.495],[-1.684,-3.945],[-0.154,-2.725],[2.026,-0.835],[3.796,1.465],[7.796,5.715],[9.036,7.315],[8.406,7.065],[10.546,8.965],[12.716,11.394],[16.486,16.285],[17.976,18.144],[18.736,19.024],[19.636,19.835],[19.296,19.835],[19.826,20.445],[20.335,21.085],[21.136,21.965],[22.136,23.184],[24.356,26.135],[28.125,31.225],[23.375,22.805],[20.766,19.015],[19.585,16.925],[18.726,15.515],[17.796,14.125],[16.165,12.375],[13.995,9.825],[9.835,4.705],[6.316,0.585],[2.316,-3.415],[-0.954,-6.845],[-3.424,-9.235],[-4.424,-10.155],[-5.324,-11.495],[-5.665,-11.365],[-8.604,-14.285],[-11.684,-16.805],[-15.514,-20.865],[-22.114,-26.385],[-25.304,-28.985],[-28.125,-31.225],[-23.774,-26.775]],"c":true}},"nm":"Path 1","mn":"ADBE Vector Shape - Group"},{"ty":"gf","o":{"a":0,"k":100},"r":1,"g":{"p":5,"k":{"a":0,"k":[0,0.637,0.637,0.637,0.269,0.77,0.77,0.77,0.539,0.904,0.904,0.904,0.769,0.803,0.803,0.803,0.999,0.703,0.703,0.703]}},"s":{"a":0,"k":[-33.704,-36.962]},"e":{"a":0,"k":[33.239,38.393]},"t":1,"nm":"Gradient Fill 1","mn":"ADBE Vector Graphic - G-Fill"},{"ty":"tr","p":{"a":0,"k":[166.684,40.495],"ix":2},"a":{"a":0,"k":[0,0],"ix":1},"s":{"a":0,"k":[100,100],"ix":3},"r":{"a":0,"k":0,"ix":6},"o":{"a":0,"k":100,"ix":7},"sk":{"a":0,"k":0,"ix":4},"sa":{"a":0,"k":0,"ix":5},"nm":"Transform"}],"nm":"Group 22","np":2,"mn":"ADBE Vector Group"}],"ip":0,"op":52,"st":0,"bm":0,"sr":1},{"ddd":0,"ind":2,"ty":4,"nm":"scratch 2","ks":{"o":{"a":0,"k":100},"r":{"a":0,"k":0},"p":{"a":0,"k":[781.428,246.535,0]},"a":{"a":0,"k":[162.225,48.19,0]},"s":{"a":1,"k":[{"i":{"x":[0.3,0.3,0.3],"y":[1,1,0.3]},"o":{"x":[0.7,0.7,0.7],"y":[0,0,0.7]},"n":["0p3_1_0p7_0","0p3_1_0p7_0","0p3_0p3_0p7_0p7"],"t":44,"s":[427.757,427.757,100],"e":[400,400,100]},{"i":{"x":[0.3,0.3,0.3],"y":[1,1,0.3]},"o":{"x":[0.7,0.7,0.7],"y":[0,0,0.7]},"n":["0p3_1_0p7_0","0p3_1_0p7_0","0p3_0p3_0p7_0p7"],"t":46,"s":[400,400,100],"e":[427.757,427.757,100]},{"t":50}]}},"ao":0,"hasMask":true,"masksProperties":[{"inv":false,"mode":"a","pt":{"a":1,"k":[{"i":{"x":0.3,"y":1},"o":{"x":0.7,"y":0},"n":"0p3_1_0p7_0","t":43,"s":[{"i":[[0,0],[0,0],[0,0],[0,0]],"o":[[0,0],[0,0],[0,0],[0,0]],"v":[[140.15,-1.496],[108.59,15.102],[111.629,14.635],[141.085,2.011]],"c":true}],"e":[{"i":[[0,0],[0,0],[0,0],[0,0]],"o":[[0,0],[0,0],[0,0],[0,0]],"v":[[140.15,-1.496],[108.59,15.102],[176.97,99.379],[206.426,86.755]],"c":true}]},{"t":51}]},"o":{"a":0,"k":100},"x":{"a":0,"k":0},"nm":"Mask 1"}],"shapes":[{"ty":"gr","it":[{"ind":0,"ty":"sh","ks":{"a":0,"k":{"i":[[0,0],[-2.02,-1.57],[-1.13,-0.81],[-1.923,-2.101],[-1.76,-1.76],[-0.83,-0.85],[-0.96,-1],[-0.94,-0.95],[-0.729,-0.937],[0.395,0.21],[-0.59,-0.49],[-0.819,-0.877],[-0.75,-0.91],[-1.66,-1.91],[0.14,-0.09],[0.12,0],[-0.767,-0.871],[-0.746,-1.474],[-1.19,-1.261],[-0.59,-0.83],[-0.31,-0.34],[-0.29,-0.39],[0.15,0.06],[-0.18,-0.24],[-0.22,-0.27],[-0.33,-0.36],[-0.369,-0.547],[-0.84,-1.24],[-1.68,-2.42],[2.105,3.247],[1,1.55],[0.55,0.8],[0.39,0.61],[0.38,0.45],[0.21,0.25],[0.87,1.07],[1.52,2.09],[1.622,1.544],[1.57,1.73],[1.72,1.76],[0.62,0.65],[0.39,0.44],[0.24,0.05],[0.327,0.375],[0,0],[2.2,1.92],[1.82,1.73],[2.76,2.29],[1.33,1.04],[1.2,0.8],[-1.45,-1.62]],"o":[[2,1.51],[1.06,0.82],[2.25,1.746],[1.69,1.7],[0.84,0.85],[1,1],[0.96,1],[0.862,0.815],[-0.372,-0.249],[0.51,0.52],[0.939,0.748],[0.8,0.91],[1.56,1.909],[0.2,0.23],[-0.14,0.09],[0.859,0.78],[1.162,1.176],[1.035,1.391],[0.64,0.7],[0.29,0.37],[0.31,0.34],[0,0.14],[0.15,0.24],[0.18,0.24],[0.22,0.27],[0.431,0.5],[0.88,1.23],[1.39,2],[-1.589,-3.529],[-0.93,-1.57],[-0.51,-0.8],[-0.42,-0.61],[-0.39,-0.61],[0,0.33],[-0.84,-1.07],[-1.72,-2.12],[-1.284,-1.835],[-1.74,-1.63],[-1.57,-1.73],[-0.65,-0.66],[-0.39,-0.42],[0,0.1],[-0.403,-0.29],[0,0],[-2.13,-2],[-2,-1.7],[-2.56,-2.4],[-1.28,-1.06],[-1.14,-0.86],[1.83,2.59],[0,0]],"v":[[-30.225,-33.9],[-24.785,-29.24],[-21.655,-26.97],[-15.385,-21.19],[-10.385,-15.95],[-7.765,-13.51],[-5.185,-10.51],[-2.305,-7.82],[0.085,-5.19],[-1.065,-5.88],[0.795,-4.28],[3.435,-1.84],[5.635,0.92],[9.125,5.51],[11.075,7.35],[11.415,7.35],[13.855,9.829],[16.735,13.829],[20.075,17.81],[22.725,21.81],[23.615,22.93],[24.615,24.03],[23.215,22.71],[24.865,24.71],[25.465,25.52],[26.395,26.66],[27.595,28.23],[30.185,31.88],[34.465,38.39],[28.915,28.21],[24.915,21.99],[24.485,21.11],[23.395,19.36],[22.285,17.68],[20.375,15.43],[17.795,12.22],[12.795,5.89],[8.425,0.81],[3.595,-4.27],[-1.055,-9.66],[-2.995,-11.66],[-4.135,-12.96],[-4.135,-12.57],[-5.235,-13.57],[-6.735,-14.93],[-12.735,-20.76],[-18.555,-25.76],[-26.875,-32.52],[-30.875,-35.68],[-34.465,-38.39],[-28.855,-33.24]],"c":true}},"nm":"Path 1","mn":"ADBE Vector Shape - Group"},{"ty":"gf","o":{"a":0,"k":100},"r":1,"g":{"p":5,"k":{"a":0,"k":[0,0.716,0.716,0.716,0.269,0.814,0.814,0.814,0.539,0.911,0.911,0.911,0.769,0.824,0.824,0.824,1,0.737,0.737,0.737]}},"s":{"a":0,"k":[-45.365,-45.093]},"e":{"a":0,"k":[39.358,44.759]},"t":1,"nm":"Gradient Fill 1","mn":"ADBE Vector Graphic - G-Fill"},{"ty":"tr","p":{"a":0,"k":[162.225,48.19],"ix":2},"a":{"a":0,"k":[0,0],"ix":1},"s":{"a":0,"k":[100,100],"ix":3},"r":{"a":0,"k":0,"ix":6},"o":{"a":0,"k":100,"ix":7},"sk":{"a":0,"k":0,"ix":4},"sa":{"a":0,"k":0,"ix":5},"nm":"Transform"}],"nm":"Group 24","np":2,"mn":"ADBE Vector Group"}],"ip":0,"op":52,"st":0,"bm":0,"sr":1},{"ddd":0,"ind":3,"ty":4,"nm":"scratch 1","ks":{"o":{"a":0,"k":100},"r":{"a":0,"k":0},"p":{"a":0,"k":[741.668,232.461,0]},"a":{"a":0,"k":[152.93,44.9,0]},"s":{"a":1,"k":[{"i":{"x":[0.3,0.3,0.3],"y":[1,1,0.3]},"o":{"x":[0.7,0.7,0.7],"y":[0,0,0.7]},"n":["0p3_1_0p7_0","0p3_1_0p7_0","0p3_0p3_0p7_0p7"],"t":44,"s":[427.757,427.757,100],"e":[400,400,100]},{"i":{"x":[0.3,0.3,0.3],"y":[1,1,0.3]},"o":{"x":[0.7,0.7,0.7],"y":[0,0,0.7]},"n":["0p3_1_0p7_0","0p3_1_0p7_0","0p3_0p3_0p7_0p7"],"t":46,"s":[400,400,100],"e":[427.757,427.757,100]},{"t":50}]}},"ao":0,"hasMask":true,"masksProperties":[{"inv":false,"mode":"a","pt":{"a":1,"k":[{"i":{"x":0.3,"y":1},"o":{"x":0.7,"y":0},"n":"0p3_1_0p7_0","t":43,"s":[{"i":[[0,0],[0,0],[0,0],[0,0]],"o":[[0,0],[0,0],[0,0],[0,0]],"v":[[140.15,-1.496],[108.59,15.102],[111.629,14.635],[141.085,2.011]],"c":true}],"e":[{"i":[[0,0],[0,0],[0,0],[0,0]],"o":[[0,0],[0,0],[0,0],[0,0]],"v":[[140.15,-1.496],[108.59,15.102],[167.969,88.508],[197.425,75.884]],"c":true}]},{"t":51}]},"o":{"a":0,"k":100},"x":{"a":0,"k":0},"nm":"Mask 1"}],"shapes":[{"ty":"gr","it":[{"ind":0,"ty":"sh","ks":{"a":0,"k":{"i":[[0,0],[-1.29,-0.99],[-0.722,-0.707],[-0.693,-0.515],[-0.316,-0.213],[-0.276,-0.393],[-1.506,-1.209],[-1.68,-1.11],[-0.556,-0.827],[-0.69,-0.72],[-0.64,-0.77],[0,0],[-0.14,-0.19],[-0.123,-0.133],[0.31,-0.03],[-0.277,-0.171],[-0.254,-0.245],[-0.36,-0.35],[-0.4,-0.37],[-0.8,-0.859],[-1.52,-1.699],[-0.772,-0.615],[-0.521,-0.704],[-0.64,-0.73],[-0.56,-0.71],[-0.61,-0.88],[-0.65,-0.82],[-1.493,-1.4],[-0.358,-0.308],[0.941,1.584],[0.67,1.071],[0.46,0.46],[0.255,0.515],[0.75,1],[0.503,0.682],[0.247,0.45],[0.32,0.571],[-0.15,-0.3],[0.45,0.531],[0.8,0.71],[1.59,1.45],[1.56,1.45],[0.68,0.62],[0.585,0.868],[1.329,1.186],[1.5,1.2],[1.3,1.12],[1.12,1],[0.99,0.94],[0.26,0.21],[0.289,0.203],[0.01,-0.14],[0.45,0.33],[0.37,0.26],[0.79,0.61],[1.277,1.422],[-0.93,-0.657],[-0.568,-1.045]],"o":[[1.39,0.83],[0.829,0.578],[0.549,0.667],[0.35,0.153],[0.318,0.36],[1.22,1.496],[1.72,1.19],[0.843,0.532],[0.62,0.79],[0.69,0.72],[0,0],[0.15,0.19],[0.097,0.153],[-0.34,0],[0.213,0.247],[0.285,0.207],[0.38,0.38],[0.36,0.35],[0.86,0.81],[1.53,1.641],[0.679,0.717],[0.611,0.628],[0.61,0.72],[0.64,0.73],[0.56,0.71],[0.61,0.88],[1.089,1.733],[0.308,0.357],[-1.124,-1.46],[-0.62,-1],[-0.28,-0.45],[-0.357,-0.449],[-3.42,-5.239],[-0.429,-0.73],[-0.331,-0.394],[-0.39,-0.581],[0,0.3],[-0.516,-0.468],[-0.73,-0.74],[-1.56,-1.399],[-1.59,-1.45],[-0.67,-0.63],[-0.687,-0.79],[-1.114,-1.39],[-1.43,-1.18],[-1.5,-1.2],[-1.3,-1.12],[-1.12,-1],[-0.24,-0.23],[-0.243,-0.256],[-0.05,0.13],[-0.4,-0.36],[-0.45,-0.33],[-0.8,-0.58],[-1.53,-1.145],[0.479,1.034],[0.918,0.757],[0,0]],"v":[[-23.93,-24.35],[-20.26,-21.02],[-17.93,-19.09],[-16.06,-17.31],[-15.06,-16.76],[-14.17,-15.63],[-10.07,-11.56],[-5.51,-7.56],[-3.39,-5.5],[-1.39,-3.35],[0.61,-1.05],[1.61,0.16],[2.07,0.73],[2.4,1.16],[1.15,0.5],[1.89,1.13],[2.7,1.81],[3.9,2.81],[5.03,3.94],[7.56,6.4],[12.08,11.16],[14.26,13.16],[15.96,15.16],[17.35,16.16],[19.6,19.26],[21.48,21.26],[23.27,23.73],[27.16,28.45],[28.16,29.45],[25.06,24.88],[22.69,21.14],[22.51,20.48],[21.59,19.03],[19.75,16.81],[18.35,14.69],[17.48,13.421],[16.88,12.6],[16.7,12.6],[15.25,11.1],[13.25,9.32],[8.92,4.64],[4.56,-0.04],[2.38,-1.72],[0.47,-4.21],[-3.2,-8.08],[-7.47,-11.8],[-11.34,-15.31],[-14.72,-18.31],[-17.82,-21.07],[-18.56,-21.71],[-19.36,-22.4],[-19.21,-21.94],[-20.44,-23.03],[-21.55,-23.81],[-23.94,-25.59],[-28.16,-29.45],[-26.01,-26.87],[-23.76,-24.14]],"c":true}},"nm":"Path 1","mn":"ADBE Vector Shape - Group"},{"ty":"gf","o":{"a":0,"k":100},"r":1,"g":{"p":5,"k":{"a":0,"k":[0,0.705,0.705,0.705,0.269,0.815,0.815,0.815,0.539,0.926,0.926,0.926,0.769,0.863,0.863,0.863,1,0.801,0.801,0.801]}},"s":{"a":0,"k":[-32.696,-33.678]},"e":{"a":0,"k":[33.21,39.9]},"t":1,"nm":"Gradient Fill 1","mn":"ADBE Vector Graphic - G-Fill"},{"ty":"tr","p":{"a":0,"k":[152.93,44.9],"ix":2},"a":{"a":0,"k":[0,0],"ix":1},"s":{"a":0,"k":[100,100],"ix":3},"r":{"a":0,"k":0,"ix":6},"o":{"a":0,"k":100,"ix":7},"sk":{"a":0,"k":0,"ix":4},"sa":{"a":0,"k":0,"ix":5},"nm":"Transform"}],"nm":"Group 23","np":2,"mn":"ADBE Vector Group"}],"ip":0,"op":52,"st":0,"bm":0,"sr":1},{"ddd":0,"ind":4,"ty":4,"nm":"(R)","ks":{"o":{"a":1,"k":[{"i":{"x":[0.3],"y":[1]},"o":{"x":[0.3],"y":[0]},"n":["0p3_1_0p3_0"],"t":36,"s":[0],"e":[100]},{"t":51}]},"r":{"a":0,"k":0},"p":{"a":0,"k":[1197.803,112.727,0]},"a":{"a":0,"k":[259.564,16.909,0]},"s":{"a":0,"k":[427.757,427.757,100]}},"ao":0,"shapes":[{"ty":"gr","it":[{"ind":0,"ty":"sh","ks":{"a":0,"k":{"i":[[0,0],[0,0],[0,0.266],[0.374,0],[0,0]],"o":[[0,0],[0.387,0],[0,-0.249],[0,0],[0,0]],"v":[[-0.342,-0.157],[-0.251,-0.157],[0.329,-0.557],[-0.233,-0.93],[-0.342,-0.93]],"c":true}},"nm":"Path 1","mn":"ADBE Vector Shape - Group"},{"ind":1,"ty":"sh","ks":{"a":0,"k":{"i":[[0,0],[0,0],[0,0],[0,0],[0,0],[0,0],[0,0],[0,0],[-0.182,-0.141],[0,-0.264],[0.108,-0.151],[0.167,-0.049]],"o":[[0,0],[0,0],[0,0],[0,0],[0,0],[0,0],[0,0],[0.396,0],[0.201,0.163],[0,0.177],[-0.108,0.146],[0,0]],"v":[[0.241,0.235],[1.161,1.417],[0.501,1.417],[-0.34,0.295],[-0.34,1.417],[-0.881,1.417],[-0.881,-1.414],[-0.316,-1.414],[0.55,-1.203],[0.852,-0.563],[0.69,-0.071],[0.277,0.222]],"c":true}},"nm":"Path 2","mn":"ADBE Vector Shape - Group"},{"ind":2,"ty":"sh","ks":{"a":0,"k":{"i":[[0.448,0],[0.399,-0.412],[0,-0.568],[-0.402,-0.414],[-0.572,0],[-0.401,0.409],[0,0.583],[0.156,0.332],[0.257,0.184]],"o":[[-0.558,0],[-0.402,0.413],[0,0.581],[0.399,0.411],[0.563,0],[0.399,-0.413],[0,-0.311],[-0.155,-0.312],[-0.36,-0.256]],"v":[[-0.016,-2.098],[-1.452,-1.48],[-2.055,-0.008],[-1.452,1.485],[0.003,2.102],[1.451,1.488],[2.051,-0.005],[1.815,-0.97],[1.197,-1.713]],"c":true}},"nm":"Path 3","mn":"ADBE Vector Shape - Group"},{"ind":3,"ty":"sh","ks":{"a":0,"k":{"i":[[0,-0.476],[0.477,-0.479],[0.675,0],[0.481,0.481],[0,0.685],[-0.154,0.312],[-0.279,0.23],[-0.568,0],[-0.306,-0.143],[-0.265,-0.412]],"o":[[0,0.683],[-0.476,0.479],[-0.677,0],[-0.477,-0.479],[0,-0.378],[0.157,-0.332],[0.456,-0.377],[0.377,0],[0.433,0.189],[0.267,0.413]],"v":[[2.448,-0.005],[1.732,1.738],[0.003,2.456],[-1.734,1.735],[-2.449,-0.011],[-2.217,-1.047],[-1.562,-1.89],[-0.026,-2.456],[0.999,-2.242],[2.047,-1.34]],"c":true}},"nm":"Path 4","mn":"ADBE Vector Shape - Group"},{"ty":"mm","mm":1,"nm":"Merge Paths 1","mn":"ADBE Vector Filter - Merge"},{"ty":"fl","c":{"a":0,"k":[0.992,0.086,0.106,1]},"o":{"a":0,"k":100},"r":1,"nm":"Fill 1","mn":"ADBE Vector Graphic - Fill"},{"ty":"tr","p":{"a":0,"k":[259.564,16.909],"ix":2},"a":{"a":0,"k":[0,0],"ix":1},"s":{"a":0,"k":[100,100],"ix":3},"r":{"a":0,"k":0,"ix":6},"o":{"a":0,"k":100,"ix":7},"sk":{"a":0,"k":0,"ix":4},"sa":{"a":0,"k":0,"ix":5},"nm":"Transform"}],"nm":"Group 32","np":6,"mn":"ADBE Vector Group"}],"ip":0,"op":52,"st":0,"bm":0,"sr":1},{"ddd":0,"ind":5,"ty":4,"nm":"T","ks":{"o":{"a":1,"k":[{"i":{"x":[0.4],"y":[1]},"o":{"x":[0.167],"y":[0.167]},"n":["0p4_1_0p167_0p167"],"t":15,"s":[0],"e":[100]},{"t":38}]},"r":{"a":0,"k":0},"p":{"a":0,"k":[1059.207,211,0]},"a":{"a":0,"k":[1059.207,211,0]},"s":{"a":1,"k":[{"i":{"x":[0.4,0.4,0.4],"y":[1,1,0.4]},"o":{"x":[0.167,0.167,0.167],"y":[0.167,0.167,0.167]},"n":["0p4_1_0p167_0p167","0p4_1_0p167_0p167","0p4_0p4_0p167_0p167"],"t":15,"s":[120,120,100],"e":[100,100,100]},{"i":{"x":[0.3,0.3,0.3],"y":[0.3,0.3,0.3]},"o":{"x":[0.167,0.167,0.167],"y":[0.167,0.167,0.167]},"n":["0p3_0p3_0p167_0p167","0p3_0p3_0p167_0p167","0p3_0p3_0p167_0p167"],"t":38,"s":[100,100,100],"e":[100,100,100]},{"i":{"x":[0.3,0.3,0.3],"y":[1,1,0.3]},"o":{"x":[0.7,0.7,0.7],"y":[0,0,0.7]},"n":["0p3_1_0p7_0","0p3_1_0p7_0","0p3_0p3_0p7_0p7"],"t":44,"s":[100,100,100],"e":[96,96,100]},{"i":{"x":[0.3,0.3,0.3],"y":[1,1,0.3]},"o":{"x":[0.7,0.7,0.7],"y":[0,0,0.7]},"n":["0p3_1_0p7_0","0p3_1_0p7_0","0p3_0p3_0p7_0p7"],"t":46,"s":[96,96,100],"e":[100,100,100]},{"t":50}]}},"ao":0,"shapes":[{"ty":"gr","it":[{"ty":"gr","it":[{"ind":0,"ty":"sh","ks":{"a":0,"k":{"i":[[0,0],[0,0],[0,0],[0,0],[0,0],[0,0],[0,0],[0,0]],"o":[[0,0],[0,0],[0,0],[0,0],[0,0],[0,0],[0,0],[0,0]],"v":[[24.725,-21.311],[-12.285,-21.311],[-19.215,-8.96],[-8.415,-8.96],[-24.725,21.311],[-8.555,21.311],[7.755,-8.96],[18.485,-8.96]],"c":true}},"nm":"Path 1","mn":"ADBE Vector Shape - Group"},{"ty":"gs","o":{"a":0,"k":100},"w":{"a":0,"k":1},"g":{"p":7,"k":{"a":0,"k":[0,0.905,0.905,0.905,0.113,0.715,0.715,0.715,0.227,0.524,0.524,0.524,0.41,0.715,0.715,0.715,0.593,0.905,0.905,0.905,0.797,0.715,0.715,0.715,1,0.524,0.524,0.524]}},"s":{"a":0,"k":[-31.413,19.415]},"e":{"a":0,"k":[30.628,-21.141]},"t":1,"lc":1,"lj":1,"ml":10,"nm":"Gradient Stroke 1","mn":"ADBE Vector Graphic - G-Stroke"},{"ty":"tr","p":{"a":0,"k":[229.735,36.17],"ix":2},"a":{"a":0,"k":[0,0],"ix":1},"s":{"a":0,"k":[100,100],"ix":3},"r":{"a":0,"k":0,"ix":6},"o":{"a":0,"k":100,"ix":7},"sk":{"a":0,"k":0,"ix":4},"sa":{"a":0,"k":0,"ix":5},"nm":"Transform"}],"nm":"Group 27","np":2,"mn":"ADBE Vector Group"},{"ty":"tm","s":{"a":0,"k":0,"ix":1},"e":{"a":1,"k":[{"i":{"x":[0.4],"y":[1]},"o":{"x":[0.6],"y":[0]},"n":["0p4_1_0p6_0"],"t":15,"s":[0],"e":[100]},{"t":46}],"ix":2},"o":{"a":0,"k":9,"ix":3},"m":1,"ix":2,"nm":"Trim Paths 1","mn":"ADBE Vector Filter - Trim"},{"ty":"tr","p":{"a":0,"k":[1070.207,195.121],"ix":2},"a":{"a":0,"k":[229.735,36.17],"ix":1},"s":{"a":0,"k":[427.757,427.757],"ix":3},"r":{"a":0,"k":0,"ix":6},"o":{"a":0,"k":100,"ix":7},"sk":{"a":0,"k":0,"ix":4},"sa":{"a":0,"k":0,"ix":5},"nm":"Transform"}],"nm":"t stroke","np":2,"mn":"ADBE Vector Group"},{"ty":"gr","it":[{"ty":"gr","it":[{"ind":0,"ty":"sh","ks":{"a":0,"k":{"i":[[0,0],[0,0],[0,0],[0,0],[0,0],[0,0],[0,0],[0,0]],"o":[[0,0],[0,0],[0,0],[0,0],[0,0],[0,0],[0,0],[0,0]],"v":[[-12.285,-21.311],[-19.216,-8.96],[-8.415,-8.96],[-24.725,21.311],[-8.556,21.311],[7.755,-8.96],[18.485,-8.96],[24.725,-21.311]],"c":true}},"nm":"Path 1","mn":"ADBE Vector Shape - Group"},{"ty":"fl","c":{"a":0,"k":[0.992,0.086,0.106,1]},"o":{"a":0,"k":100},"r":1,"nm":"Fill 1","mn":"ADBE Vector Graphic - Fill"},{"ty":"tr","p":{"a":0,"k":[229.735,36.17],"ix":2},"a":{"a":0,"k":[0,0],"ix":1},"s":{"a":0,"k":[100,100],"ix":3},"r":{"a":0,"k":0,"ix":6},"o":{"a":0,"k":100,"ix":7},"sk":{"a":0,"k":0,"ix":4},"sa":{"a":0,"k":0,"ix":5},"nm":"Transform"}],"nm":"Group 35","np":2,"mn":"ADBE Vector Group"},{"ty":"tr","p":{"a":0,"k":[1070.208,195.121],"ix":2},"a":{"a":0,"k":[229.735,36.17],"ix":1},"s":{"a":0,"k":[427.757,427.757],"ix":3},"r":{"a":0,"k":0,"ix":6},"o":{"a":0,"k":100,"ix":7},"sk":{"a":0,"k":0,"ix":4},"sa":{"a":0,"k":0,"ix":5},"nm":"Transform"}],"nm":"T 2","np":1,"mn":"ADBE Vector Group"},{"ty":"gr","it":[{"ty":"gr","it":[{"ind":0,"ty":"sh","ks":{"a":0,"k":{"i":[[0,0],[0,0],[0,0],[0,0],[0,0],[0,0],[0,0],[0,0]],"o":[[0,0],[0,0],[0,0],[0,0],[0,0],[0,0],[0,0],[0,0]],"v":[[-12.285,-21.311],[-19.216,-8.96],[-8.415,-8.96],[-24.725,21.311],[-8.556,21.311],[7.755,-8.96],[18.485,-8.96],[24.725,-21.311]],"c":true}},"nm":"Path 1","mn":"ADBE Vector Shape - Group"},{"ty":"fl","c":{"a":0,"k":[0,0,0,1]},"o":{"a":0,"k":100},"r":1,"nm":"Fill 1","mn":"ADBE Vector Graphic - Fill"},{"ty":"tr","p":{"a":0,"k":[229.735,36.17],"ix":2},"a":{"a":0,"k":[0,0],"ix":1},"s":{"a":0,"k":[100,100],"ix":3},"r":{"a":0,"k":0,"ix":6},"o":{"a":0,"k":100,"ix":7},"sk":{"a":0,"k":0,"ix":4},"sa":{"a":0,"k":0,"ix":5},"nm":"Transform"}],"nm":"Group 35","np":2,"mn":"ADBE Vector Group"},{"ty":"tr","p":{"a":1,"k":[{"i":{"x":0.2,"y":1},"o":{"x":0.167,"y":0.167},"n":"0p2_1_0p167_0p167","t":15,"s":[1070.208,195.121],"e":[1082.207,207.12],"to":[1.99999678134918,1.99999511241913],"ti":[-1.99999678134918,-1.99999511241913]},{"t":38}],"ix":2},"a":{"a":0,"k":[229.735,36.17],"ix":1},"s":{"a":0,"k":[427.757,427.757],"ix":3},"r":{"a":0,"k":0,"ix":6},"o":{"a":0,"k":80,"ix":7},"sk":{"a":0,"k":0,"ix":4},"sa":{"a":0,"k":0,"ix":5},"nm":"Transform"}],"nm":"T","np":1,"mn":"ADBE Vector Group"}],"ip":0,"op":52,"st":0,"bm":0,"sr":1},{"ddd":0,"ind":6,"ty":4,"nm":"A","ks":{"o":{"a":1,"k":[{"i":{"x":[0.4],"y":[1]},"o":{"x":[0.167],"y":[0.167]},"n":["0p4_1_0p167_0p167"],"t":12,"s":[0],"e":[100]},{"t":35}]},"r":{"a":0,"k":0},"p":{"a":0,"k":[862.632,229.121,0]},"a":{"a":0,"k":[862.632,229.121,0]},"s":{"a":1,"k":[{"i":{"x":[0.4,0.4,0.4],"y":[1,1,0.4]},"o":{"x":[0.167,0.167,0.167],"y":[0.167,0.167,0.167]},"n":["0p4_1_0p167_0p167","0p4_1_0p167_0p167","0p4_0p4_0p167_0p167"],"t":12,"s":[120,120,100],"e":[100,100,100]},{"i":{"x":[0.3,0.3,0.3],"y":[0.3,0.3,0.3]},"o":{"x":[0.167,0.167,0.167],"y":[0.167,0.167,0.167]},"n":["0p3_0p3_0p167_0p167","0p3_0p3_0p167_0p167","0p3_0p3_0p167_0p167"],"t":35,"s":[100,100,100],"e":[100,100,100]},{"i":{"x":[0.3,0.3,0.3],"y":[1,1,0.3]},"o":{"x":[0.7,0.7,0.7],"y":[0,0,0.7]},"n":["0p3_1_0p7_0","0p3_1_0p7_0","0p3_0p3_0p7_0p7"],"t":44,"s":[100,100,100],"e":[96,96,100]},{"i":{"x":[0.3,0.3,0.3],"y":[1,1,0.3]},"o":{"x":[0.7,0.7,0.7],"y":[0,0,0.7]},"n":["0p3_1_0p7_0","0p3_1_0p7_0","0p3_0p3_0p7_0p7"],"t":46,"s":[96,96,100],"e":[100,100,100]},{"t":50}]}},"ao":0,"shapes":[{"ty":"gr","it":[{"ty":"gr","it":[{"ind":0,"ty":"sh","ks":{"a":0,"k":{"i":[[0,0],[0,0],[0,0],[0,0],[0,0],[0,0],[0,0],[0,0],[0,0],[0,0],[0,0],[0,0]],"o":[[0,0],[0,0],[0,0],[0,0],[0,0],[0,0],[0,0],[0,0],[0,0],[0,0],[0,0],[0,0]],"v":[[9.655,-21.311],[-28.435,21.311],[-11.585,21.311],[11.375,-7.521],[11.585,-7.521],[8.185,3.779],[5.745,3.779],[-3.505,15.21],[4.915,15.21],[3.205,21.311],[21.025,21.311],[28.435,-21.311]],"c":true}},"nm":"Path 1","mn":"ADBE Vector Shape - Group"},{"ty":"gs","o":{"a":0,"k":100},"w":{"a":0,"k":1},"g":{"p":7,"k":{"a":0,"k":[0,0.905,0.905,0.905,0.113,0.715,0.715,0.715,0.227,0.524,0.524,0.524,0.41,0.715,0.715,0.715,0.593,0.905,0.905,0.905,0.797,0.715,0.715,0.715,1,0.524,0.524,0.524]}},"s":{"a":0,"k":[-38.851,18.563]},"e":{"a":0,"k":[38.984,-21.547]},"t":1,"lc":1,"lj":1,"ml":10,"nm":"Gradient Stroke 1","mn":"ADBE Vector Graphic - G-Stroke"},{"ty":"tr","p":{"a":0,"k":[182.845,36.17],"ix":2},"a":{"a":0,"k":[0,0],"ix":1},"s":{"a":0,"k":[100,100],"ix":3},"r":{"a":0,"k":0,"ix":6},"o":{"a":0,"k":100,"ix":7},"sk":{"a":0,"k":0,"ix":4},"sa":{"a":0,"k":0,"ix":5},"nm":"Transform"}],"nm":"Group 25","np":2,"mn":"ADBE Vector Group"},{"ty":"tm","s":{"a":0,"k":0,"ix":1},"e":{"a":1,"k":[{"i":{"x":[0.4],"y":[1]},"o":{"x":[0.6],"y":[0]},"n":["0p4_1_0p6_0"],"t":12,"s":[0],"e":[100]},{"t":43}],"ix":2},"o":{"a":0,"k":-24,"ix":3},"m":1,"ix":2,"nm":"Trim Paths 1","mn":"ADBE Vector Filter - Trim"},{"ty":"tr","p":{"a":0,"k":[869.632,195.121],"ix":2},"a":{"a":0,"k":[182.845,36.17],"ix":1},"s":{"a":0,"k":[427.757,427.757],"ix":3},"r":{"a":0,"k":0,"ix":6},"o":{"a":0,"k":100,"ix":7},"sk":{"a":0,"k":0,"ix":4},"sa":{"a":0,"k":0,"ix":5},"nm":"Transform"}],"nm":"a stroke","np":2,"mn":"ADBE Vector Group"},{"ty":"gr","it":[{"ty":"gr","it":[{"ind":0,"ty":"sh","ks":{"a":0,"k":{"i":[[0,0],[0,0],[0,0],[0,0],[0,0],[0,0],[0,0],[0,0],[0,0],[0,0],[0,0],[0,0]],"o":[[0,0],[0,0],[0,0],[0,0],[0,0],[0,0],[0,0],[0,0],[0,0],[0,0],[0,0],[0,0]],"v":[[-28.435,21.311],[-11.585,21.311],[11.375,-7.521],[11.585,-7.521],[8.185,3.781],[5.745,3.781],[-3.505,15.21],[4.915,15.21],[3.205,21.311],[21.025,21.311],[28.435,-21.311],[9.655,-21.311]],"c":true}},"nm":"Path 1","mn":"ADBE Vector Shape - Group"},{"ty":"fl","c":{"a":0,"k":[0.992,0.086,0.106,1]},"o":{"a":0,"k":100},"r":1,"nm":"Fill 1","mn":"ADBE Vector Graphic - Fill"},{"ty":"tr","p":{"a":0,"k":[182.845,36.17],"ix":2},"a":{"a":0,"k":[0,0],"ix":1},"s":{"a":0,"k":[100,100],"ix":3},"r":{"a":0,"k":0,"ix":6},"o":{"a":0,"k":100,"ix":7},"sk":{"a":0,"k":0,"ix":4},"sa":{"a":0,"k":0,"ix":5},"nm":"Transform"}],"nm":"Group 33","np":2,"mn":"ADBE Vector Group"},{"ty":"tr","p":{"a":0,"k":[869.633,195.119],"ix":2},"a":{"a":0,"k":[182.845,36.17],"ix":1},"s":{"a":0,"k":[427.757,427.757],"ix":3},"r":{"a":0,"k":0,"ix":6},"o":{"a":0,"k":100,"ix":7},"sk":{"a":0,"k":0,"ix":4},"sa":{"a":0,"k":0,"ix":5},"nm":"Transform"}],"nm":"A 2","np":1,"mn":"ADBE Vector Group"},{"ty":"gr","it":[{"ty":"gr","it":[{"ind":0,"ty":"sh","ks":{"a":0,"k":{"i":[[0,0],[0,0],[0,0],[0,0],[0,0],[0,0],[0,0],[0,0],[0,0],[0,0],[0,0],[0,0]],"o":[[0,0],[0,0],[0,0],[0,0],[0,0],[0,0],[0,0],[0,0],[0,0],[0,0],[0,0],[0,0]],"v":[[-28.435,21.311],[-11.585,21.311],[11.375,-7.521],[11.585,-7.521],[8.185,3.781],[5.745,3.781],[-3.505,15.21],[4.915,15.21],[3.205,21.311],[21.025,21.311],[28.435,-21.311],[9.655,-21.311]],"c":true}},"nm":"Path 1","mn":"ADBE Vector Shape - Group"},{"ty":"fl","c":{"a":0,"k":[0,0,0,1]},"o":{"a":0,"k":100},"r":1,"nm":"Fill 1","mn":"ADBE Vector Graphic - Fill"},{"ty":"tr","p":{"a":0,"k":[182.845,36.17],"ix":2},"a":{"a":0,"k":[0,0],"ix":1},"s":{"a":0,"k":[100,100],"ix":3},"r":{"a":0,"k":0,"ix":6},"o":{"a":0,"k":100,"ix":7},"sk":{"a":0,"k":0,"ix":4},"sa":{"a":0,"k":0,"ix":5},"nm":"Transform"}],"nm":"Group 33","np":2,"mn":"ADBE Vector Group"},{"ty":"tr","p":{"a":1,"k":[{"i":{"x":0.2,"y":1},"o":{"x":0.167,"y":0.167},"n":"0p2_1_0p167_0p167","t":12,"s":[869.633,195.119],"e":[881.633,207.119],"to":[1.9999988079071,1.99999403953552],"ti":[-1.9999988079071,-1.99999403953552]},{"t":35}],"ix":2},"a":{"a":0,"k":[182.845,36.17],"ix":1},"s":{"a":0,"k":[427.757,427.757],"ix":3},"r":{"a":0,"k":0,"ix":6},"o":{"a":0,"k":80,"ix":7},"sk":{"a":0,"k":0,"ix":4},"sa":{"a":0,"k":0,"ix":5},"nm":"Transform"}],"nm":"A","np":1,"mn":"ADBE Vector Group"}],"ip":0,"op":52,"st":0,"bm":0,"sr":1},{"ddd":0,"ind":7,"ty":4,"nm":"C","ks":{"o":{"a":1,"k":[{"i":{"x":[0.4],"y":[1]},"o":{"x":[0.167],"y":[0.167]},"n":["0p4_1_0p167_0p167"],"t":9,"s":[0],"e":[100]},{"t":32}]},"r":{"a":0,"k":0},"p":{"a":0,"k":[724.731,211,0]},"a":{"a":0,"k":[724.731,211,0]},"s":{"a":1,"k":[{"i":{"x":[0.4,0.4,0.4],"y":[1,1,0.4]},"o":{"x":[0.167,0.167,0.167],"y":[0.167,0.167,0.167]},"n":["0p4_1_0p167_0p167","0p4_1_0p167_0p167","0p4_0p4_0p167_0p167"],"t":9,"s":[120,120,100],"e":[100,100,100]},{"i":{"x":[0.3,0.3,0.3],"y":[0.3,0.3,0.3]},"o":{"x":[0.167,0.167,0.167],"y":[0.167,0.167,0.167]},"n":["0p3_0p3_0p167_0p167","0p3_0p3_0p167_0p167","0p3_0p3_0p167_0p167"],"t":32,"s":[100,100,100],"e":[100,100,100]},{"i":{"x":[0.3,0.3,0.3],"y":[1,1,0.3]},"o":{"x":[0.7,0.7,0.7],"y":[0,0,0.7]},"n":["0p3_1_0p7_0","0p3_1_0p7_0","0p3_0p3_0p7_0p7"],"t":44,"s":[100,100,100],"e":[96,96,100]},{"i":{"x":[0.3,0.3,0.3],"y":[1,1,0.3]},"o":{"x":[0.7,0.7,0.7],"y":[0,0,0.7]},"n":["0p3_1_0p7_0","0p3_1_0p7_0","0p3_0p3_0p7_0p7"],"t":46,"s":[96,96,100],"e":[100,100,100]},{"t":50}]}},"ao":0,"shapes":[{"ty":"gr","it":[{"ty":"gr","it":[{"ind":0,"ty":"sh","ks":{"a":0,"k":{"i":[[0,0],[3.113,-0.031],[-0.889,3.12],[-1.073,1.844],[-6.67,0],[-2.54,-0.797],[0,0],[3.396,-0.013],[7.32,-13.6],[0.832,-2.739],[-11.7,0],[-3.714,1.059],[0,0]],"o":[[-2.984,0.885],[-4.52,0],[0.69,-2.02],[3.99,-7.42],[2.662,-0.015],[0,0],[-3.227,-1.059],[-16.38,0],[-1.396,2.499],[-2.7,9.5],[3.861,-0.064],[0,0],[0,0]],"v":[[8.655,8.497],[-0.535,9.877],[-5.616,5.767],[-2.965,-0.044],[9.865,-9.693],[17.715,-8.514],[25.715,-20.514],[15.715,-22.094],[-19.665,-0.094],[-23.015,7.786],[-9.335,22.107],[2.075,20.416],[5.285,16.816]],"c":true}},"nm":"Path 1","mn":"ADBE Vector Shape - Group"},{"ty":"gs","o":{"a":0,"k":100},"w":{"a":0,"k":1},"g":{"p":7,"k":{"a":0,"k":[0,0.905,0.905,0.905,0.113,0.715,0.715,0.715,0.227,0.524,0.524,0.524,0.41,0.715,0.715,0.715,0.593,0.905,0.905,0.905,0.797,0.715,0.715,0.715,1,0.524,0.524,0.524]}},"s":{"a":0,"k":[-38.851,18.563]},"e":{"a":0,"k":[38.984,-21.547]},"t":1,"lc":1,"lj":1,"ml":10,"nm":"Gradient Stroke 1","mn":"ADBE Vector Graphic - G-Stroke"},{"ty":"tr","p":{"a":0,"k":[153.135,36.184],"ix":2},"a":{"a":0,"k":[0,0],"ix":1},"s":{"a":0,"k":[100,100],"ix":3},"r":{"a":0,"k":0,"ix":6},"o":{"a":0,"k":100,"ix":7},"sk":{"a":0,"k":0,"ix":4},"sa":{"a":0,"k":0,"ix":5},"nm":"Transform"}],"nm":"Group 26","np":2,"mn":"ADBE Vector Group"},{"ty":"tm","s":{"a":0,"k":0,"ix":1},"e":{"a":1,"k":[{"i":{"x":[0.4],"y":[1]},"o":{"x":[0.6],"y":[0]},"n":["0p4_1_0p6_0"],"t":9,"s":[0],"e":[100]},{"t":40}],"ix":2},"o":{"a":0,"k":141,"ix":3},"m":1,"ix":2,"nm":"Trim Paths 1","mn":"ADBE Vector Filter - Trim"},{"ty":"tr","p":{"a":0,"k":[746.731,195.205],"ix":2},"a":{"a":0,"k":[154.113,36.19],"ix":1},"s":{"a":0,"k":[427.757,427.757],"ix":3},"r":{"a":0,"k":0,"ix":6},"o":{"a":0,"k":100,"ix":7},"sk":{"a":0,"k":0,"ix":4},"sa":{"a":0,"k":0,"ix":5},"nm":"Transform"}],"nm":"c stroke","np":2,"mn":"ADBE Vector Group"},{"ty":"gr","it":[{"ty":"gr","it":[{"ind":0,"ty":"sh","ks":{"a":0,"k":{"i":[[0,0],[3.116,-0.03],[-4.21,7.82],[-6.67,0],[-2.568,-0.784],[0,0],[3.396,-0.013],[7.33,-13.59],[-14.58,0],[-3.714,1.058],[0,0]],"o":[[-2.987,0.886],[-6.61,0],[4,-7.42],[2.686,-0.042],[0,0],[-3.228,-1.059],[-16.37,0],[-7.92,14.71],[3.86,-0.064],[0,0],[0,0]],"v":[[9.52,8.557],[0.32,9.937],[-2.11,0.017],[10.72,-9.633],[18.65,-8.514],[26.65,-20.514],[16.65,-22.094],[-18.73,-0.094],[-8.4,22.107],[3.01,20.417],[6.22,16.816]],"c":true}},"nm":"Path 1","mn":"ADBE Vector Shape - Group"},{"ty":"fl","c":{"a":0,"k":[0.992,0.086,0.106,1]},"o":{"a":0,"k":100},"r":1,"nm":"Fill 1","mn":"ADBE Vector Graphic - Fill"},{"ty":"tr","p":{"a":0,"k":[152.27,36.124],"ix":2},"a":{"a":0,"k":[0,0],"ix":1},"s":{"a":0,"k":[100,100],"ix":3},"r":{"a":0,"k":0,"ix":6},"o":{"a":0,"k":100,"ix":7},"sk":{"a":0,"k":0,"ix":4},"sa":{"a":0,"k":0,"ix":5},"nm":"Transform"}],"nm":"Group 34","np":2,"mn":"ADBE Vector Group"},{"ty":"tr","p":{"a":0,"k":[747.044,194.948],"ix":2},"a":{"a":0,"k":[154.187,36.13],"ix":1},"s":{"a":0,"k":[427.757,427.757],"ix":3},"r":{"a":0,"k":0,"ix":6},"o":{"a":0,"k":100,"ix":7},"sk":{"a":0,"k":0,"ix":4},"sa":{"a":0,"k":0,"ix":5},"nm":"Transform"}],"nm":"C 2","np":1,"mn":"ADBE Vector Group"},{"ty":"gr","it":[{"ty":"gr","it":[{"ind":0,"ty":"sh","ks":{"a":0,"k":{"i":[[0,0],[3.116,-0.03],[-4.21,7.82],[-6.67,0],[-2.568,-0.784],[0,0],[3.396,-0.013],[7.33,-13.59],[-14.58,0],[-3.714,1.058],[0,0]],"o":[[-2.987,0.886],[-6.61,0],[4,-7.42],[2.686,-0.042],[0,0],[-3.228,-1.059],[-16.37,0],[-7.92,14.71],[3.86,-0.064],[0,0],[0,0]],"v":[[9.52,8.557],[0.32,9.937],[-2.11,0.017],[10.72,-9.633],[18.65,-8.514],[26.65,-20.514],[16.65,-22.094],[-18.73,-0.094],[-8.4,22.107],[3.01,20.417],[6.22,16.816]],"c":true}},"nm":"Path 1","mn":"ADBE Vector Shape - Group"},{"ty":"fl","c":{"a":0,"k":[0,0,0,1]},"o":{"a":0,"k":100},"r":1,"nm":"Fill 1","mn":"ADBE Vector Graphic - Fill"},{"ty":"tr","p":{"a":0,"k":[152.27,36.124],"ix":2},"a":{"a":0,"k":[0,0],"ix":1},"s":{"a":0,"k":[100,100],"ix":3},"r":{"a":0,"k":0,"ix":6},"o":{"a":0,"k":100,"ix":7},"sk":{"a":0,"k":0,"ix":4},"sa":{"a":0,"k":0,"ix":5},"nm":"Transform"}],"nm":"Group 34","np":2,"mn":"ADBE Vector Group"},{"ty":"tr","p":{"a":1,"k":[{"i":{"x":0.2,"y":1},"o":{"x":0.167,"y":0.167},"n":"0p2_1_0p167_0p167","t":9,"s":[747.044,194.948],"e":[759.044,206.948],"to":[2.00000619888306,1.99999916553497],"ti":[-2.00000619888306,-1.99999916553497]},{"t":32}],"ix":2},"a":{"a":0,"k":[154.187,36.13],"ix":1},"s":{"a":0,"k":[427.757,427.757],"ix":3},"r":{"a":0,"k":0,"ix":6},"o":{"a":0,"k":80,"ix":7},"sk":{"a":0,"k":0,"ix":4},"sa":{"a":0,"k":0,"ix":5},"nm":"Transform"}],"nm":"C","np":1,"mn":"ADBE Vector Group"}],"ip":0,"op":52,"st":0,"bm":0,"sr":1},{"ddd":0,"ind":8,"ty":4,"nm":"M","ks":{"o":{"a":1,"k":[{"i":{"x":[0.4],"y":[1]},"o":{"x":[0.167],"y":[0.167]},"n":["0p4_1_0p167_0p167"],"t":6,"s":[0],"e":[100]},{"t":29}]},"r":{"a":0,"k":0},"p":{"a":0,"k":[527.895,211,0]},"a":{"a":0,"k":[527.895,211,0]},"s":{"a":1,"k":[{"i":{"x":[0.4,0.4,0.4],"y":[1,1,0.4]},"o":{"x":[0.167,0.167,0.167],"y":[0.167,0.167,0.167]},"n":["0p4_1_0p167_0p167","0p4_1_0p167_0p167","0p4_0p4_0p167_0p167"],"t":6,"s":[120,120,100],"e":[100,100,100]},{"i":{"x":[0.3,0.3,0.3],"y":[0.3,0.3,0.3]},"o":{"x":[0.167,0.167,0.167],"y":[0.167,0.167,0.167]},"n":["0p3_0p3_0p167_0p167","0p3_0p3_0p167_0p167","0p3_0p3_0p167_0p167"],"t":29,"s":[100,100,100],"e":[100,100,100]},{"i":{"x":[0.3,0.3,0.3],"y":[1,1,0.3]},"o":{"x":[0.7,0.7,0.7],"y":[0,0,0.7]},"n":["0p3_1_0p7_0","0p3_1_0p7_0","0p3_0p3_0p7_0p7"],"t":44,"s":[100,100,100],"e":[96,96,100]},{"i":{"x":[0.3,0.3,0.3],"y":[1,1,0.3]},"o":{"x":[0.7,0.7,0.7],"y":[0,0,0.7]},"n":["0p3_1_0p7_0","0p3_1_0p7_0","0p3_0p3_0p7_0p7"],"t":46,"s":[96,96,100],"e":[100,100,100]},{"t":50}]}},"ao":0,"shapes":[{"ty":"gr","it":[{"ty":"gr","it":[{"ind":0,"ty":"sh","ks":{"a":0,"k":{"i":[[0,0],[0,0],[0,0],[0,0],[0,0],[0,0],[0,0],[0,0],[0,0],[0,0],[0,0],[0,0],[0,0],[0,0],[0,0],[0,0]],"o":[[0,0],[0,0],[0,0],[0,0],[0,0],[0,0],[0,0],[0,0],[0,0],[0,0],[0,0],[0,0],[0,0],[0,0],[0,0],[0,0]],"v":[[38.24,-21.311],[21.04,-21.311],[-0.48,1.15],[-0.69,1.15],[1.99,-21.311],[-15.28,-21.311],[-38.24,21.311],[-24.13,21.311],[-13,0.719],[-12.83,0.73],[-16.84,21.311],[-6.66,21.311],[11.98,0.79],[12.22,0.79],[0.77,21.311],[15.28,21.311]],"c":true}},"nm":"Path 1","mn":"ADBE Vector Shape - Group"},{"ty":"gs","o":{"a":0,"k":100},"w":{"a":0,"k":1},"g":{"p":7,"k":{"a":0,"k":[0,0.905,0.905,0.905,0.113,0.715,0.715,0.715,0.227,0.524,0.524,0.524,0.41,0.715,0.715,0.715,0.593,0.905,0.905,0.905,0.797,0.715,0.715,0.715,1,0.524,0.524,0.524]}},"s":{"a":0,"k":[-38.851,18.563]},"e":{"a":0,"k":[38.984,-21.547]},"t":1,"lc":1,"lj":1,"ml":10,"nm":"Gradient Stroke 1","mn":"ADBE Vector Graphic - G-Stroke"},{"ty":"tr","p":{"a":0,"k":[105.76,36.17],"ix":2},"a":{"a":0,"k":[0,0],"ix":1},"s":{"a":0,"k":[100,100],"ix":3},"r":{"a":0,"k":0,"ix":6},"o":{"a":0,"k":100,"ix":7},"sk":{"a":0,"k":0,"ix":4},"sa":{"a":0,"k":0,"ix":5},"nm":"Transform"}],"nm":"Group 30","np":2,"mn":"ADBE Vector Group"},{"ty":"tm","s":{"a":0,"k":0,"ix":1},"e":{"a":1,"k":[{"i":{"x":[0.4],"y":[1]},"o":{"x":[0.6],"y":[0]},"n":["0p4_1_0p6_0"],"t":6,"s":[0],"e":[100]},{"t":37}],"ix":2},"o":{"a":0,"k":5,"ix":3},"m":1,"ix":2,"nm":"Trim Paths 1","mn":"ADBE Vector Filter - Trim"},{"ty":"tr","p":{"a":0,"k":[539.895,195.121],"ix":2},"a":{"a":0,"k":[105.76,36.17],"ix":1},"s":{"a":0,"k":[427.757,427.757],"ix":3},"r":{"a":0,"k":0,"ix":6},"o":{"a":0,"k":100,"ix":7},"sk":{"a":0,"k":0,"ix":4},"sa":{"a":0,"k":0,"ix":5},"nm":"Transform"}],"nm":"m stroke","np":2,"mn":"ADBE Vector Group"},{"ty":"gr","it":[{"ty":"gr","it":[{"ind":0,"ty":"sh","ks":{"a":0,"k":{"i":[[0,0],[0,0],[0,0],[0,0],[0,0],[0,0],[0,0],[0,0],[0,0],[0,0],[0,0],[0,0],[0,0],[0,0],[0,0],[0,0]],"o":[[0,0],[0,0],[0,0],[0,0],[0,0],[0,0],[0,0],[0,0],[0,0],[0,0],[0,0],[0,0],[0,0],[0,0],[0,0],[0,0]],"v":[[21.04,-21.311],[-0.48,1.15],[-0.69,1.15],[1.99,-21.311],[-15.28,-21.311],[-38.24,21.311],[-24.13,21.311],[-13.24,0.96],[-13.07,0.889],[-16.84,21.311],[-6.66,21.311],[11.98,0.359],[12.15,0.43],[0.77,21.311],[15.28,21.311],[38.24,-21.311]],"c":true}},"nm":"Path 1","mn":"ADBE Vector Shape - Group"},{"ty":"fl","c":{"a":0,"k":[0.992,0.086,0.106,1]},"o":{"a":0,"k":100},"r":1,"nm":"Fill 1","mn":"ADBE Vector Graphic - Fill"},{"ty":"tr","p":{"a":0,"k":[105.76,36.17],"ix":2},"a":{"a":0,"k":[0,0],"ix":1},"s":{"a":0,"k":[100,100],"ix":3},"r":{"a":0,"k":0,"ix":6},"o":{"a":0,"k":100,"ix":7},"sk":{"a":0,"k":0,"ix":4},"sa":{"a":0,"k":0,"ix":5},"nm":"Transform"}],"nm":"Group 37","np":2,"mn":"ADBE Vector Group"},{"ty":"tr","p":{"a":0,"k":[539.895,195.121],"ix":2},"a":{"a":0,"k":[105.76,36.17],"ix":1},"s":{"a":0,"k":[427.757,427.757],"ix":3},"r":{"a":0,"k":0,"ix":6},"o":{"a":0,"k":100,"ix":7},"sk":{"a":0,"k":0,"ix":4},"sa":{"a":0,"k":0,"ix":5},"nm":"Transform"}],"nm":"M 2","np":1,"mn":"ADBE Vector Group"},{"ty":"gr","it":[{"ty":"gr","it":[{"ind":0,"ty":"sh","ks":{"a":0,"k":{"i":[[0,0],[0,0],[0,0],[0,0],[0,0],[0,0],[0,0],[0,0],[0,0],[0,0],[0,0],[0,0],[0,0],[0,0],[0,0],[0,0]],"o":[[0,0],[0,0],[0,0],[0,0],[0,0],[0,0],[0,0],[0,0],[0,0],[0,0],[0,0],[0,0],[0,0],[0,0],[0,0],[0,0]],"v":[[21.04,-21.311],[-0.48,1.15],[-0.69,1.15],[1.99,-21.311],[-15.28,-21.311],[-38.24,21.311],[-24.13,21.311],[-13.24,0.96],[-13.07,0.889],[-16.84,21.311],[-6.66,21.311],[11.98,0.359],[12.15,0.43],[0.77,21.311],[15.28,21.311],[38.24,-21.311]],"c":true}},"nm":"Path 1","mn":"ADBE Vector Shape - Group"},{"ty":"fl","c":{"a":0,"k":[0,0,0,1]},"o":{"a":0,"k":100},"r":1,"nm":"Fill 1","mn":"ADBE Vector Graphic - Fill"},{"ty":"tr","p":{"a":0,"k":[105.76,36.17],"ix":2},"a":{"a":0,"k":[0,0],"ix":1},"s":{"a":0,"k":[100,100],"ix":3},"r":{"a":0,"k":0,"ix":6},"o":{"a":0,"k":100,"ix":7},"sk":{"a":0,"k":0,"ix":4},"sa":{"a":0,"k":0,"ix":5},"nm":"Transform"}],"nm":"Group 37","np":2,"mn":"ADBE Vector Group"},{"ty":"tr","p":{"a":1,"k":[{"i":{"x":0.2,"y":1},"o":{"x":0.167,"y":0.167},"n":"0p2_1_0p167_0p167","t":6,"s":[539.895,195.121],"e":[551.894,207.12],"to":[1.99999475479126,1.99999511241913],"ti":[-1.99999475479126,-1.99999511241913]},{"t":29}],"ix":2},"a":{"a":0,"k":[105.76,36.17],"ix":1},"s":{"a":0,"k":[427.757,427.757],"ix":3},"r":{"a":0,"k":0,"ix":6},"o":{"a":0,"k":80,"ix":7},"sk":{"a":0,"k":0,"ix":4},"sa":{"a":0,"k":0,"ix":5},"nm":"Transform"}],"nm":"M","np":1,"mn":"ADBE Vector Group"}],"ip":0,"op":52,"st":0,"bm":0,"sr":1},{"ddd":0,"ind":9,"ty":4,"nm":"O","ks":{"o":{"a":1,"k":[{"i":{"x":[0.4],"y":[1]},"o":{"x":[0.167],"y":[0.167]},"n":["0p4_1_0p167_0p167"],"t":3,"s":[0],"e":[100]},{"t":26}]},"r":{"a":0,"k":0},"p":{"a":0,"k":[323.194,211,0]},"a":{"a":0,"k":[323.194,211,0]},"s":{"a":1,"k":[{"i":{"x":[0.4,0.4,0.4],"y":[1,1,0.4]},"o":{"x":[0.167,0.167,0.167],"y":[0.167,0.167,0.167]},"n":["0p4_1_0p167_0p167","0p4_1_0p167_0p167","0p4_0p4_0p167_0p167"],"t":3,"s":[120,120,100],"e":[100,100,100]},{"i":{"x":[0.3,0.3,0.3],"y":[0.3,0.3,0.3]},"o":{"x":[0.167,0.167,0.167],"y":[0.167,0.167,0.167]},"n":["0p3_0p3_0p167_0p167","0p3_0p3_0p167_0p167","0p3_0p3_0p167_0p167"],"t":26,"s":[100,100,100],"e":[100,100,100]},{"i":{"x":[0.3,0.3,0.3],"y":[1,1,0.3]},"o":{"x":[0.7,0.7,0.7],"y":[0,0,0.7]},"n":["0p3_1_0p7_0","0p3_1_0p7_0","0p3_0p3_0p7_0p7"],"t":44,"s":[100,100,100],"e":[96,96,100]},{"i":{"x":[0.3,0.3,0.3],"y":[1,1,0.3]},"o":{"x":[0.7,0.7,0.7],"y":[0,0,0.7]},"n":["0p3_1_0p7_0","0p3_1_0p7_0","0p3_0p3_0p7_0p7"],"t":46,"s":[96,96,100],"e":[100,100,100]},{"t":50}]}},"ao":0,"shapes":[{"ty":"gr","it":[{"ty":"gr","it":[{"ty":"gr","it":[{"ind":0,"ty":"sh","ks":{"a":0,"k":{"i":[[-4.47,0],[0.76,-2.66],[1.141,-1.96],[4.48,0],[-0.8,2.79],[-1.13,1.946]],"o":[[3,0],[-0.741,2.144],[-4.25,7.88],[-2.94,0],[0.726,-2.13],[4.21,-7.81]],"v":[[5.125,-9.65],[8.505,-6.24],[5.675,-0.07],[-5.205,9.65],[-8.465,6.06],[-5.675,-0.07]],"c":true}},"nm":"Path 1","mn":"ADBE Vector Shape - Group"},{"ty":"gs","o":{"a":0,"k":100},"w":{"a":0,"k":1},"g":{"p":7,"k":{"a":0,"k":[0,0.905,0.905,0.905,0.113,0.715,0.715,0.715,0.227,0.524,0.524,0.524,0.41,0.715,0.715,0.715,0.593,0.905,0.905,0.905,0.797,0.715,0.715,0.715,1,0.524,0.524,0.524]}},"s":{"a":0,"k":[-19.315,10.91]},"e":{"a":0,"k":[17.275,-11.254]},"t":1,"lc":1,"lj":1,"ml":10,"nm":"Gradient Stroke 1","mn":"ADBE Vector Graphic - G-Stroke"},{"ty":"tr","p":{"a":0,"k":[55.805,36.2],"ix":2},"a":{"a":0,"k":[0,0],"ix":1},"s":{"a":0,"k":[100,100],"ix":3},"r":{"a":0,"k":0,"ix":6},"o":{"a":0,"k":100,"ix":7},"sk":{"a":0,"k":0,"ix":4},"sa":{"a":0,"k":0,"ix":5},"nm":"Transform"}],"nm":"Group 28","np":2,"mn":"ADBE Vector Group"},{"ty":"tr","p":{"a":0,"k":[326.248,195.246],"ix":2},"a":{"a":0,"k":[55.814,36.2],"ix":1},"s":{"a":0,"k":[427.757,427.757],"ix":3},"r":{"a":0,"k":0,"ix":6},"o":{"a":0,"k":100,"ix":7},"sk":{"a":0,"k":0,"ix":4},"sa":{"a":0,"k":0,"ix":5},"nm":"Transform"}],"nm":"Group 28","np":1,"mn":"ADBE Vector Group"},{"ty":"gr","it":[{"ty":"gr","it":[{"ind":0,"ty":"sh","ks":{"a":0,"k":{"i":[[-7.92,14.71],[-0.863,2.854],[12.42,0],[7.75,-14.38],[0.845,-2.78],[-12.23,0]],"o":[[1.451,-2.604],[2.58,-9],[-15.62,0],[-1.415,2.538],[-2.6,9.15],[15.68,0]],"v":[[22.365,-0.025],[25.845,-8.235],[11.785,-22.035],[-22.425,-0.035],[-25.825,7.965],[-11.945,22.035]],"c":true}},"nm":"Path 1","mn":"ADBE Vector Shape - Group"},{"ty":"gs","o":{"a":0,"k":100},"w":{"a":0,"k":1},"g":{"p":7,"k":{"a":0,"k":[0,0.905,0.905,0.905,0.113,0.715,0.715,0.715,0.227,0.524,0.524,0.524,0.41,0.715,0.715,0.715,0.593,0.905,0.905,0.905,0.797,0.715,0.715,0.715,1,0.524,0.524,0.524]}},"s":{"a":0,"k":[-32.826,17.142]},"e":{"a":0,"k":[34.084,-18.857]},"t":1,"lc":1,"lj":1,"ml":10,"nm":"Gradient Stroke 1","mn":"ADBE Vector Graphic - G-Stroke"},{"ty":"tr","p":{"a":0,"k":[55.795,36.235],"ix":2},"a":{"a":0,"k":[0,0],"ix":1},"s":{"a":0,"k":[100,100],"ix":3},"r":{"a":0,"k":0,"ix":6},"o":{"a":0,"k":100,"ix":7},"sk":{"a":0,"k":0,"ix":4},"sa":{"a":0,"k":0,"ix":5},"nm":"Transform"}],"nm":"Group 29","np":2,"mn":"ADBE Vector Group"},{"ty":"tr","p":{"a":0,"k":[326.194,195.397],"ix":2},"a":{"a":0,"k":[55.801,36.235],"ix":1},"s":{"a":0,"k":[427.757,427.757],"ix":3},"r":{"a":0,"k":0,"ix":6},"o":{"a":0,"k":100,"ix":7},"sk":{"a":0,"k":0,"ix":4},"sa":{"a":0,"k":0,"ix":5},"nm":"Transform"}],"nm":"Group 29","np":1,"mn":"ADBE Vector Group"},{"ty":"tr","p":{"a":0,"k":[326.194,195.397],"ix":2},"a":{"a":0,"k":[326.194,195.397],"ix":1},"s":{"a":0,"k":[100,100],"ix":3},"r":{"a":0,"k":0,"ix":6},"o":{"a":0,"k":100,"ix":7},"sk":{"a":0,"k":0,"ix":4},"sa":{"a":0,"k":0,"ix":5},"nm":"Transform"}],"nm":"o stroke","np":2,"mn":"ADBE Vector Group"},{"ty":"tm","s":{"a":0,"k":0,"ix":1},"e":{"a":1,"k":[{"i":{"x":[0.4],"y":[1]},"o":{"x":[0.6],"y":[0]},"n":["0p4_1_0p6_0"],"t":3,"s":[0],"e":[100]},{"t":34}],"ix":2},"o":{"a":0,"k":41,"ix":3},"m":1,"ix":2,"nm":"Trim Paths 1","mn":"ADBE Vector Filter - Trim"},{"ty":"gr","it":[{"ty":"gr","it":[{"ind":0,"ty":"sh","ks":{"a":0,"k":{"i":[[4.68,0],[4.2,-7.82],[-4.47,0],[-4.25,7.86]],"o":[[-4.47,0],[-4.2,7.82],[4.47,0],[4.25,-7.86]],"v":[[5.125,-9.685],[-5.675,-0.095],[-5.205,9.625],[5.675,-0.095]],"c":true}},"nm":"Path 1","mn":"ADBE Vector Shape - Group"},{"ind":1,"ty":"sh","ks":{"a":0,"k":{"i":[[0,0],[15.68,0],[-7.68,14.26],[-15.62,0],[7.74,-14.38]],"o":[[-7.92,14.71],[-15.41,0],[7.68,-14.26],[15.62,0],[0,0]],"v":[[22.355,-0.025],[-11.955,22.035],[-22.425,-0.035],[11.785,-22.035],[22.365,-0.035]],"c":false}},"nm":"Path 2","mn":"ADBE Vector Shape - Group"},{"ty":"mm","mm":1,"nm":"Merge Paths 1","mn":"ADBE Vector Filter - Merge"},{"ty":"fl","c":{"a":0,"k":[0.992,0.086,0.106,1]},"o":{"a":0,"k":100},"r":1,"nm":"Fill 1","mn":"ADBE Vector Graphic - Fill"},{"ty":"tr","p":{"a":0,"k":[55.805,36.235],"ix":2},"a":{"a":0,"k":[0,0],"ix":1},"s":{"a":0,"k":[100,100],"ix":3},"r":{"a":0,"k":0,"ix":6},"o":{"a":0,"k":100,"ix":7},"sk":{"a":0,"k":0,"ix":4},"sa":{"a":0,"k":0,"ix":5},"nm":"Transform"}],"nm":"Group 36","np":4,"mn":"ADBE Vector Group"},{"ty":"tr","p":{"a":0,"k":[326.181,195.396],"ix":2},"a":{"a":0,"k":[55.798,36.235],"ix":1},"s":{"a":0,"k":[427.757,427.757],"ix":3},"r":{"a":0,"k":0,"ix":6},"o":{"a":0,"k":100,"ix":7},"sk":{"a":0,"k":0,"ix":4},"sa":{"a":0,"k":0,"ix":5},"nm":"Transform"}],"nm":"O 2","np":1,"mn":"ADBE Vector Group"},{"ty":"gr","it":[{"ty":"gr","it":[{"ind":0,"ty":"sh","ks":{"a":0,"k":{"i":[[4.68,0],[4.2,-7.82],[-4.47,0],[-4.25,7.86]],"o":[[-4.47,0],[-4.2,7.82],[4.47,0],[4.25,-7.86]],"v":[[5.125,-9.685],[-5.675,-0.095],[-5.205,9.625],[5.675,-0.095]],"c":true}},"nm":"Path 1","mn":"ADBE Vector Shape - Group"},{"ind":1,"ty":"sh","ks":{"a":0,"k":{"i":[[0,0],[15.68,0],[-7.68,14.26],[-15.62,0],[7.74,-14.38]],"o":[[-7.92,14.71],[-15.41,0],[7.68,-14.26],[15.62,0],[0,0]],"v":[[22.355,-0.025],[-11.955,22.035],[-22.425,-0.035],[11.785,-22.035],[22.365,-0.035]],"c":false}},"nm":"Path 2","mn":"ADBE Vector Shape - Group"},{"ty":"mm","mm":1,"nm":"Merge Paths 1","mn":"ADBE Vector Filter - Merge"},{"ty":"fl","c":{"a":0,"k":[0,0,0,1]},"o":{"a":0,"k":100},"r":1,"nm":"Fill 1","mn":"ADBE Vector Graphic - Fill"},{"ty":"tr","p":{"a":0,"k":[55.805,36.235],"ix":2},"a":{"a":0,"k":[0,0],"ix":1},"s":{"a":0,"k":[100,100],"ix":3},"r":{"a":0,"k":0,"ix":6},"o":{"a":0,"k":100,"ix":7},"sk":{"a":0,"k":0,"ix":4},"sa":{"a":0,"k":0,"ix":5},"nm":"Transform"}],"nm":"Group 36","np":4,"mn":"ADBE Vector Group"},{"ty":"tr","p":{"a":1,"k":[{"i":{"x":0.2,"y":1},"o":{"x":0.167,"y":0.167},"n":"0p2_1_0p167_0p167","t":3,"s":[326.181,195.396],"e":[338.181,207.396],"to":[1.99999439716339,1.99999558925629],"ti":[-1.99999439716339,-1.99999558925629]},{"t":26}],"ix":2},"a":{"a":0,"k":[55.798,36.235],"ix":1},"s":{"a":0,"k":[427.757,427.757],"ix":3},"r":{"a":0,"k":0,"ix":6},"o":{"a":0,"k":80,"ix":7},"sk":{"a":0,"k":0,"ix":4},"sa":{"a":0,"k":0,"ix":5},"nm":"Transform"}],"nm":"O","np":1,"mn":"ADBE Vector Group"}],"ip":0,"op":52,"st":0,"bm":0,"sr":1},{"ddd":0,"ind":10,"ty":4,"nm":"T","ks":{"o":{"a":1,"k":[{"i":{"x":[0.4],"y":[1]},"o":{"x":[0.167],"y":[0.167]},"n":["0p4_1_0p167_0p167"],"t":0,"s":[0],"e":[100]},{"t":23}]},"r":{"a":0,"k":0},"p":{"a":0,"k":[222.67,211,0]},"a":{"a":0,"k":[222.67,211,0]},"s":{"a":1,"k":[{"i":{"x":[0.4,0.4,0.4],"y":[1,1,0.4]},"o":{"x":[0.167,0.167,0.167],"y":[0.167,0.167,0.167]},"n":["0p4_1_0p167_0p167","0p4_1_0p167_0p167","0p4_0p4_0p167_0p167"],"t":0,"s":[120,120,100],"e":[100,100,100]},{"i":{"x":[0.3,0.3,0.3],"y":[0.3,0.3,0.3]},"o":{"x":[0.167,0.167,0.167],"y":[0.167,0.167,0.167]},"n":["0p3_0p3_0p167_0p167","0p3_0p3_0p167_0p167","0p3_0p3_0p167_0p167"],"t":23,"s":[100,100,100],"e":[100,100,100]},{"i":{"x":[0.3,0.3,0.3],"y":[1,1,0.3]},"o":{"x":[0.7,0.7,0.7],"y":[0,0,0.7]},"n":["0p3_1_0p7_0","0p3_1_0p7_0","0p3_0p3_0p7_0p7"],"t":44,"s":[100,100,100],"e":[96,96,100]},{"i":{"x":[0.3,0.3,0.3],"y":[1,1,0.3]},"o":{"x":[0.7,0.7,0.7],"y":[0,0,0.7]},"n":["0p3_1_0p7_0","0p3_1_0p7_0","0p3_0p3_0p7_0p7"],"t":46,"s":[96,96,100],"e":[100,100,100]},{"t":50}]}},"ao":0,"shapes":[{"ty":"gr","it":[{"ty":"gr","it":[{"ind":0,"ty":"sh","ks":{"a":0,"k":{"i":[[0,0],[0,0],[0,0],[0,0],[0,0],[0,0],[0,0],[0,0]],"o":[[0,0],[0,0],[0,0],[0,0],[0,0],[0,0],[0,0],[0,0]],"v":[[23.24,-13.861],[30.76,-28.49],[-15.27,-28.49],[-23.51,-13.861],[-7.85,-13.861],[-30.76,28.49],[-12.3,28.49],[10.61,-13.861]],"c":true}},"nm":"Path 1","mn":"ADBE Vector Shape - Group"},{"ty":"tm","s":{"a":0,"k":0,"ix":1},"e":{"a":1,"k":[{"i":{"x":[0.4],"y":[1]},"o":{"x":[0.6],"y":[0]},"n":["0p4_1_0p6_0"],"t":0,"s":[0],"e":[100]},{"t":31}],"ix":2},"o":{"a":0,"k":33,"ix":3},"m":1,"ix":2,"nm":"Trim Paths 1","mn":"ADBE Vector Filter - Trim"},{"ty":"gs","o":{"a":0,"k":100},"w":{"a":0,"k":1},"g":{"p":7,"k":{"a":0,"k":[0,0.905,0.905,0.905,0.113,0.715,0.715,0.715,0.227,0.524,0.524,0.524,0.41,0.715,0.715,0.715,0.593,0.905,0.905,0.905,0.797,0.715,0.715,0.715,1,0.524,0.524,0.524]}},"s":{"a":0,"k":[-38.851,18.563]},"e":{"a":0,"k":[38.984,-21.547]},"t":1,"lc":1,"lj":1,"ml":10,"nm":"Gradient Stroke 1","mn":"ADBE Vector Graphic - G-Stroke"},{"ty":"tr","p":{"a":0,"k":[31.6,28.99],"ix":2},"a":{"a":0,"k":[0,0],"ix":1},"s":{"a":0,"k":[100,100],"ix":3},"r":{"a":0,"k":0,"ix":6},"o":{"a":0,"k":100,"ix":7},"sk":{"a":0,"k":0,"ix":4},"sa":{"a":0,"k":0,"ix":5},"nm":"Transform"}],"nm":"Group 31","np":3,"mn":"ADBE Vector Group"},{"ty":"tr","p":{"a":0,"k":[222.67,164.408],"ix":2},"a":{"a":0,"k":[31.6,28.99],"ix":1},"s":{"a":0,"k":[427.757,427.757],"ix":3},"r":{"a":0,"k":0,"ix":6},"o":{"a":0,"k":100,"ix":7},"sk":{"a":0,"k":0,"ix":4},"sa":{"a":0,"k":0,"ix":5},"nm":"Transform"}],"nm":"t stroke","np":1,"mn":"ADBE Vector Group"},{"ty":"gr","it":[{"ty":"gr","it":[{"ind":0,"ty":"sh","ks":{"a":0,"k":{"i":[[0,0],[0,0],[0,0],[0,0],[0,0],[0,0],[0,0],[0,0]],"o":[[0,0],[0,0],[0,0],[0,0],[0,0],[0,0],[0,0],[0,0]],"v":[[-15.27,-28.49],[-23.51,-13.86],[-7.85,-13.86],[-30.76,28.49],[-12.301,28.49],[10.611,-13.86],[23.24,-13.86],[30.76,-28.49]],"c":true}},"nm":"Path 1","mn":"ADBE Vector Shape - Group"},{"ty":"fl","c":{"a":0,"k":[0.992,0.086,0.106,1]},"o":{"a":0,"k":100},"r":1,"nm":"Fill 1","mn":"ADBE Vector Graphic - Fill"},{"ty":"tr","p":{"a":0,"k":[31.6,28.99],"ix":2},"a":{"a":0,"k":[0,0],"ix":1},"s":{"a":0,"k":[100,100],"ix":3},"r":{"a":0,"k":0,"ix":6},"o":{"a":0,"k":100,"ix":7},"sk":{"a":0,"k":0,"ix":4},"sa":{"a":0,"k":0,"ix":5},"nm":"Transform"}],"nm":"Group 38","np":2,"mn":"ADBE Vector Group"},{"ty":"tr","p":{"a":0,"k":[222.671,164.408],"ix":2},"a":{"a":0,"k":[31.6,28.99],"ix":1},"s":{"a":0,"k":[427.757,427.757],"ix":3},"r":{"a":0,"k":0,"ix":6},"o":{"a":0,"k":100,"ix":7},"sk":{"a":0,"k":0,"ix":4},"sa":{"a":0,"k":0,"ix":5},"nm":"Transform"}],"nm":"T 2","np":1,"mn":"ADBE Vector Group"},{"ty":"gr","it":[{"ty":"gr","it":[{"ind":0,"ty":"sh","ks":{"a":0,"k":{"i":[[0,0],[0,0],[0,0],[0,0],[0,0],[0,0],[0,0],[0,0]],"o":[[0,0],[0,0],[0,0],[0,0],[0,0],[0,0],[0,0],[0,0]],"v":[[-15.27,-28.49],[-23.51,-13.86],[-7.85,-13.86],[-30.76,28.49],[-12.301,28.49],[10.611,-13.86],[23.24,-13.86],[30.76,-28.49]],"c":true}},"nm":"Path 1","mn":"ADBE Vector Shape - Group"},{"ty":"fl","c":{"a":0,"k":[0,0,0,1]},"o":{"a":0,"k":100},"r":1,"nm":"Fill 1","mn":"ADBE Vector Graphic - Fill"},{"ty":"tr","p":{"a":0,"k":[31.6,28.99],"ix":2},"a":{"a":0,"k":[0,0],"ix":1},"s":{"a":0,"k":[100,100],"ix":3},"r":{"a":0,"k":0,"ix":6},"o":{"a":0,"k":100,"ix":7},"sk":{"a":0,"k":0,"ix":4},"sa":{"a":0,"k":0,"ix":5},"nm":"Transform"}],"nm":"Group 38","np":2,"mn":"ADBE Vector Group"},{"ty":"tr","p":{"a":1,"k":[{"i":{"x":0.2,"y":1},"o":{"x":0.167,"y":0.167},"n":"0p2_1_0p167_0p167","t":0,"s":[222.671,164.408],"e":[234.671,176.408],"to":[2.00000047683716,1.99999606609344],"ti":[-2.00000047683716,-1.99999606609344]},{"t":23}],"ix":2},"a":{"a":0,"k":[31.6,28.99],"ix":1},"s":{"a":0,"k":[427.757,427.757],"ix":3},"r":{"a":0,"k":0,"ix":6},"o":{"a":0,"k":80,"ix":7},"sk":{"a":0,"k":0,"ix":4},"sa":{"a":0,"k":0,"ix":5},"nm":"Transform"}],"nm":"T","np":1,"mn":"ADBE Vector Group"}],"ip":0,"op":52,"st":0,"bm":0,"sr":1}]}